seq_id,window_id,t_start_ns,t_end_ns,err_mag_m,err_dx,err_dy,err_dz
MH_01_easy,0,1403636580823555584,1403636581823555584,0.13993591386746124,0.07307135447930158,0.11910637746275188,0.0075038651495252795
MH_01_easy,1,1403636581073555584,1403636582073555584,0.15215334229036054,0.0814494992397572,0.12685781465786494,-0.02058430236736708
MH_01_easy,2,1403636581323555584,1403636582323555584,0.17182978624115441,0.07985664422651428,0.15074537690401746,-0.02059667824253364
MH_01_easy,3,1403636581573555584,1403636582573555584,0.1868762174147608,0.0810400919522154,0.16771985788207577,-0.015009110687902671
MH_01_easy,4,1403636581823555584,1403636582823555584,0.1818812531493566,0.08146900022437542,0.1623733883403946,-0.008858612108025632
MH_01_easy,5,1403636582073555584,1403636583073555584,0.17942012088430725,0.047974418567952704,0.16905868979748573,-0.036182790732111725
MH_01_easy,6,1403636582323555584,1403636583323555584,0.1590339069813119,0.045321471732913565,0.1478616136723898,-0.03707682526727751
MH_01_easy,7,1403636582573555584,1403636583573555584,0.1474544868504622,0.03866815489542308,0.13441659731653033,-0.04668809114926875
MH_01_easy,8,1403636582823555584,1403636583823555584,0.14234745211543043,0.04236788256525781,0.1272873951338085,-0.04759914590348224
MH_01_easy,9,1403636583073555584,1403636584073555584,0.1751547647265069,0.07898824553414574,0.15405184569249353,-0.026609725901851178
MH_01_easy,10,1403636583323555584,1403636584323555584,0.19071595996234475,0.0861294302726403,0.1684708422358996,-0.023913885957654646
MH_01_easy,11,1403636583573555584,1403636584573555584,0.18851796705317977,0.08457254568555062,0.16734610805825123,-0.01953940981415081
MH_01_easy,12,1403636583823555584,1403636584823555584,0.1932234147719978,0.06302446800396044,0.1780250037997202,-0.040869334115922085
MH_01_easy,13,1403636584073555584,1403636585073555584,0.1739602438928668,0.05288037973470505,0.16108611286526875,-0.038949918309760134
MH_01_easy,14,1403636584323555584,1403636585323555584,0.15840772491094907,0.04522509432287869,0.1454864734292609,-0.043374925983413526
MH_01_easy,15,1403636584573555584,1403636585573555584,0.15072090840483307,0.04966398100872471,0.13345691346631594,-0.04939163359099763
MH_01_easy,16,1403636584823555584,1403636585823555584,0.1667822889220001,0.08232209983704486,0.14189657721476845,-0.030079314340828778
MH_01_easy,17,1403636585073555584,1403636586073555584,0.18048295749858742,0.08753942090556865,0.1558406841534321,-0.024992576848832937
MH_01_easy,18,1403636585323555584,1403636586323555584,0.17177053835578282,0.08604563110213537,0.1475480745450004,-0.01818881286213303
MH_01_easy,19,1403636585573555584,1403636586573555584,0.17466398296628916,0.06642286757690208,0.1588103064468207,-0.029576953439737208
MH_01_easy,20,1403636585823555584,1403636586823555584,0.17275268717856412,0.0646422745659736,0.15489713531171145,-0.04088697517030904
MH_01_easy,21,1403636586073555584,1403636587073555584,0.16296869045373738,0.0731512697625103,0.13834962130767736,-0.04546502044826095
MH_01_easy,22,1403636586323555584,1403636587323555584,0.16476923732385138,0.0762188358782332,0.1381120266002287,-0.04758843067414953
MH_01_easy,23,1403636586573555584,1403636587573555584,0.16202339912396174,0.07976619744761226,0.13313291330764,-0.04652486434855618
MH_01_easy,24,1403636586823555584,1403636587823555584,0.1629149206861091,0.09033580794008245,0.12662973412356315,-0.048431638644273245
MH_01_easy,25,1403636587073555584,1403636588073555584,0.15971408091729297,0.08569234889831634,0.12722536938039375,-0.04448723827759149
MH_01_easy,26,1403636587323555584,1403636588323555584,0.1555518577473933,0.07890636372830961,0.12760540229804462,-0.041073440520550175
MH_01_easy,27,1403636587573555584,1403636588573555584,0.15428463498276462,0.07922213538997713,0.1269585978046217,-0.03753819787231871
MH_01_easy,28,1403636587823555584,1403636588823555584,0.15535587878833632,0.08230967771206732,0.12665384592079598,-0.03632312407410909
MH_01_easy,29,1403636588073555584,1403636589073555584,0.15840641538209832,0.08168000531082065,0.13058398832082485,-0.03699717774178002
MH_01_easy,30,1403636588323555584,1403636589323555584,0.16377447368675302,0.08457188154813622,0.134329790020133,-0.04031355350161958
MH_01_easy,31,1403636588573555584,1403636589573555584,0.1675899641134032,0.08632517869358747,0.13699102905651017,-0.043218254859380356
MH_01_easy,32,1403636588823555584,1403636589823555584,0.1702771984791491,0.08384303635172863,0.14104953390607378,-0.0454939398393851
MH_01_easy,33,1403636589073555584,1403636590073555584,0.17161239612455828,0.08545273273377951,0.1412988540774638,-0.04672556910661596
MH_01_easy,34,1403636589323555584,1403636590323555584,0.17534083450763568,0.0874181215751948,0.14256283876979103,-0.052709745474599945
MH_01_easy,35,1403636589573555584,1403636590573555584,0.17398586559355436,0.08613041960392032,0.14166278819138078,-0.052766340474159845
MH_01_easy,36,1403636589823555584,1403636590823555584,0.17051567675567975,0.07939731391622562,0.14087942552353372,-0.054080033528973614
MH_01_easy,37,1403636590073555584,1403636591073555584,0.16716967294544774,0.07744360974812903,0.1391459160131232,-0.05085863661892953
MH_01_easy,38,1403636590323555584,1403636591323555584,0.16049101924694573,0.0727679089282427,0.1353405327157189,-0.04631564415356759
MH_01_easy,39,1403636590573555584,1403636591573555584,0.15822325504635915,0.07158386940161776,0.13457081361426693,-0.04243871112736086
MH_01_easy,40,1403636590823555584,1403636591823555584,0.16493527830842028,0.06876552974437189,0.14377654583748556,-0.0424647243802827
MH_01_easy,41,1403636591073555584,1403636592073555584,0.17192514031506553,0.06941305577305634,0.1512955117401027,-0.04300871641774484
MH_01_easy,42,1403636591323555584,1403636592323555584,0.17633042097229998,0.072628039101156,0.15442826829025402,-0.044378995588710723
MH_01_easy,43,1403636591573555584,1403636592573555584,0.17586301650722785,0.08375303461762318,0.14961036039186126,-0.03911482878369921
MH_01_easy,44,1403636591823555584,1403636592823555584,0.17089326230294868,0.0956788025559554,0.13738869691815103,-0.03426980888676445
MH_01_easy,45,1403636592073555584,1403636593073555584,0.16342026039199348,0.09383311649040937,0.12883556016241626,-0.03609606895384365
MH_01_easy,46,1403636592323555584,1403636593323555584,0.1592464846971891,0.08958400037994618,0.124338081968288,-0.043291929233809645
MH_01_easy,47,1403636592573555584,1403636593573555584,0.1599987677324432,0.0785410389865584,0.1288177241378443,-0.05326260244072256
MH_01_easy,48,1403636592823555584,1403636593823555584,0.16184696996107556,0.05199904465417937,0.13900699830518626,-0.06455691645994177
MH_01_easy,49,1403636593073555584,1403636594073555584,0.16662463401911554,0.0399953634766268,0.1460265128955036,-0.06957296237732025
MH_01_easy,50,1403636593323555584,1403636594323555584,0.17137139764052578,0.03855200847649609,0.15362467267520152,-0.06543209088155877
MH_01_easy,51,1403636593573555584,1403636594573555584,0.17269162181849906,0.06294364149650633,0.15080950219698663,-0.05582999452408954
MH_01_easy,52,1403636593823555584,1403636594823555584,0.16801713774316676,0.0699021090660139,0.1480759015687818,-0.03764280938136544
MH_01_easy,53,1403636594073555584,1403636595073555584,0.1545373926425691,0.07901990031800299,0.13004685007781558,-0.026934696273294034
MH_01_easy,54,1403636594323555584,1403636595323555584,0.14949994512426745,0.0939245760306191,0.11258016456968489,-0.02922523148052203
MH_01_easy,55,1403636594573555584,1403636595573555584,0.1558107138208568,0.09636114574886712,0.11472691457501183,-0.042769652832685634
MH_01_easy,56,1403636594823555584,1403636595823555584,0.1709614946237101,0.07708085463416481,0.14029311873983197,-0.060035117448798414
MH_01_easy,57,1403636595073555584,1403636596073555584,0.18300908288027729,0.058859004802339854,0.15989354924342303,-0.06679816524949911
MH_01_easy,58,1403636595323555584,1403636596323555584,0.16980053971013973,0.04857535471145358,0.15327739319355604,-0.05457745813336512
MH_01_easy,59,1403636595573555584,1403636596573555584,0.15767300602693607,0.06292492658797766,0.13923172013719642,-0.03893274394523527
MH_01_easy,60,1403636595823555584,1403636596823555584,0.1526882838676295,0.06607058616969397,0.13353903498269104,-0.03340233239650292
MH_01_easy,61,1403636596073555584,1403636597073555584,0.16807155058605183,0.052995497712065465,0.15575739249925635,-0.034338870401963484
MH_01_easy,62,1403636596323555584,1403636597323555584,0.1817035479232596,0.07337488701129846,0.1623711012329574,-0.035608015507413215
MH_01_easy,63,1403636596573555584,1403636597573555584,0.1799646117957231,0.08859269412301529,0.15272428206611455,-0.03484092011128648
MH_01_easy,64,1403636596823555584,1403636597823555584,0.16081646007813366,0.08901025558998565,0.1299987586292246,-0.032240207609877225
MH_01_easy,65,1403636597073555584,1403636598073555584,0.14292387304635737,0.07518147318357915,0.11458937517842527,-0.04054941026372816
MH_01_easy,66,1403636597323555584,1403636598323555584,0.14656036542152892,0.045845903845322056,0.13072795877907284,-0.04783612240299806
MH_01_easy,67,1403636597573555584,1403636598573555584,0.16116363918793097,0.02954623563254799,0.14993002871545436,-0.05120278357303032
MH_01_easy,68,1403636597823555584,1403636598823555584,0.17215375071151784,0.018649087630091543,0.16490397529998546,-0.04577995571066429
MH_01_easy,69,1403636598073555584,1403636599073555584,0.1652083383086576,0.01991853261554155,0.15807491417168773,-0.04369632266867585
MH_01_easy,70,1403636598323555584,1403636599323555584,0.1557243234089236,0.028555010020184568,0.14791390049359965,-0.03944812219464555
MH_01_easy,71,1403636598573555584,1403636599573555584,0.15502800868810931,0.03438561876110491,0.14717365481790656,-0.03451417140474522
MH_01_easy,72,1403636598823555584,1403636599823555584,0.16450427122973246,0.02669990278292378,0.15979000489984374,-0.02856439704099689
MH_01_easy,73,1403636599073555584,1403636600073555584,0.17595507694623078,0.024040886943592632,0.17289774416863923,-0.02210418330350994
MH_01_easy,74,1403636599323555584,1403636600323555584,0.17922699178075463,0.036547959439266364,0.17406870681109465,-0.022060066924594723
MH_01_easy,75,1403636599573555584,1403636600573555584,0.17568254232032912,0.03582300864427346,0.17067042340439542,-0.021276143982661422
MH_01_easy,76,1403636599823555584,1403636600823555584,0.17598104085734662,0.04132563784567811,0.16900929272313747,-0.026407903572752356
MH_01_easy,77,1403636600073555584,1403636601073555584,0.1774914323585055,0.04032475344107489,0.1725311214926628,-0.01049451938272905
MH_01_easy,78,1403636600323555584,1403636601323555584,0.18233081294546086,0.038561625361348995,0.17684694196116335,-0.021970105093706782
MH_01_easy,79,1403636600573555584,1403636601573555584,0.18270290921638865,0.036199789858977205,0.17774991700421716,-0.02179209157680273
MH_01_easy,80,1403636600823555584,1403636601823555584,0.18358670917302805,0.03450309127027307,0.1789972984230359,-0.021761976818106654
MH_01_easy,81,1403636601073555584,1403636602073555584,0.1834352216202861,0.033825047363114535,0.1791731461301438,-0.020033232579708238
MH_01_easy,82,1403636601323555584,1403636602323555584,0.18458459544537453,0.031921315545513806,0.18074329358698682,-0.01960521137107707
MH_01_easy,83,1403636601573555584,1403636602573555584,0.186892469690016,0.03154149624137492,0.183049289245393,-0.020661242664596235
MH_01_easy,84,1403636601823555584,1403636602823555584,0.18771813392359263,0.03189570766255034,0.1837926856508525,-0.021000246134460054
MH_01_easy,85,1403636602073555584,1403636603073555584,0.188426317640627,0.032260365838041594,0.1844994658762682,-0.02058380593996012
MH_01_easy,86,1403636602323555584,1403636603323555584,0.18841610918387885,0.033102466543509124,0.1842338616059498,-0.02151141897892761
MH_01_easy,87,1403636602573555584,1403636603573555584,0.18830615279430374,0.033388091020842836,0.18414265845181998,-0.020878790589302643
MH_01_easy,88,1403636602823555584,1403636603823555584,0.18739784699745268,0.033333363539742145,0.18322591486376427,-0.020859148034967467
MH_01_easy,89,1403636603073555584,1403636604073555584,0.18674074220285056,0.03374908493976747,0.1825546502946096,-0.020171854649799648
MH_01_easy,90,1403636603323555584,1403636604323555584,0.1865375789964626,0.03282493383585816,0.18245629285510723,-0.020700079567586238
MH_01_easy,91,1403636603573555584,1403636604573555584,0.1871615378476924,0.033371601838683596,0.18302119996916577,-0.020469924330104416
MH_01_easy,92,1403636603823555584,1403636604823555584,0.18822359118703097,0.033978022144235176,0.18403542763029335,-0.02011406640745461
MH_01_easy,93,1403636604073555584,1403636605073555584,0.18917567085022638,0.0348575422883064,0.18496188049739448,-0.019012862754453463
MH_01_easy,94,1403636604323555584,1403636605323555584,0.1895688204060405,0.03396523056096434,0.1853314462228779,-0.020855594549537337
MH_01_easy,95,1403636604573555584,1403636605573555584,0.18909202569056913,0.03467477858572021,0.18484284839186804,-0.019661518460561744
MH_01_easy,96,1403636604823555584,1403636605823555584,0.18848521136661042,0.035373666633010004,0.18407071223638116,-0.019833091278059434
MH_01_easy,97,1403636605073555584,1403636606073555584,0.18787052522273498,0.034687460037615914,0.18346619678164244,-0.02079107986817319
MH_01_easy,98,1403636605323555584,1403636606323555584,0.1880270068506815,0.03420798651144352,0.18378181909266256,-0.02020425536987136
MH_01_easy,99,1403636605573555584,1403636606573555584,0.18857997906090834,0.03318096929359893,0.18453826697691844,-0.020175723047897165
MH_01_easy,100,1403636605823555584,1403636606823555584,0.18851972955161844,0.03246886142874583,0.18455887386490777,-0.0205787158358659
MH_01_easy,101,1403636606073555584,1403636607073555584,0.18857779766829155,0.03295505074995031,0.18467510515854624,-0.019252426812513712
MH_01_easy,102,1403636606323555584,1403636607323555584,0.18822980338659379,0.033944299566731395,0.184329567116992,-0.017345146189700955
MH_01_easy,103,1403636606573555584,1403636607573555584,0.1879827168790492,0.03472525750845801,0.18386110484149443,-0.01807629560128521
MH_01_easy,104,1403636606823555584,1403636607823555584,0.18775566376750455,0.03483141942736534,0.18358362401624273,-0.018330698036735926
MH_01_easy,105,1403636607073555584,1403636608073555584,0.18794384203207795,0.03437968415885795,0.1839713651259356,-0.017189004875661995
MH_01_easy,106,1403636607323555584,1403636608323555584,0.18859974864957452,0.03243038041838009,0.18489501766565364,-0.018219990642683093
MH_01_easy,107,1403636607573555584,1403636608573555584,0.1894248004992475,0.032497521809731644,0.18550596402421515,-0.020327405930229525
MH_01_easy,108,1403636607823555584,1403636608823555584,0.19022310979355878,0.032864251521444565,0.18623808633296202,-0.020497504006676825
MH_01_easy,109,1403636608073555584,1403636609073555584,0.19084164450632965,0.033419070861682165,0.18693794444570977,-0.018918348422494513
MH_01_easy,110,1403636608323555584,1403636609323555584,0.18964771788039275,0.03375597317542134,0.18553253955530313,-0.020111388275829034
MH_01_easy,111,1403636608573555584,1403636609573555584,0.1882502870718024,0.03380805219379557,0.18408546482325394,-0.020192271548395868
MH_01_easy,112,1403636608823555584,1403636609823555584,0.18712046813732688,0.033293404236904856,0.1830775506103659,-0.019703535032052466
MH_01_easy,113,1403636609073555584,1403636610073555584,0.18658479747441065,0.03186801217989377,0.18270516269589665,-0.0204240048113713
MH_01_easy,114,1403636609323555584,1403636610323555584,0.18765728358861508,0.03213636496368366,0.18371152800455692,-0.020798668443189672
MH_01_easy,115,1403636609573555584,1403636610573555584,0.18906248949721247,0.0319207600087843,0.18521977611836715,-0.020477415608594618
MH_01_easy,116,1403636609823555584,1403636610823555584,0.18960025523989119,0.03174662667424588,0.1856387741177068,-0.02187816322073166
MH_01_easy,117,1403636610073555584,1403636611073555584,0.18988047885012813,0.030515349824168148,0.18614813188365398,-0.021732065472208517
MH_01_easy,118,1403636610323555584,1403636611323555584,0.18988719508684102,0.03004946046927426,0.1861948959319828,-0.022037184764203355
MH_01_easy,119,1403636610573555584,1403636611573555584,0.1901316022447586,0.030268612909214454,0.18654245444986595,-0.020874624129093133
MH_01_easy,120,1403636610823555584,1403636611823555584,0.18898232177956018,0.03287115434537391,0.18455863119266858,-0.023914782237862253
MH_01_easy,121,1403636611073555584,1403636612073555584,0.18937729900640346,0.03329429461286093,0.1845993516021367,-0.02604478284154954
MH_01_easy,122,1403636611323555584,1403636612323555584,0.18880015021597787,0.033374686993170144,0.1836426741508015,-0.028407661298077258
MH_01_easy,123,1403636611573555584,1403636612573555584,0.18976553837496205,0.03655278033033138,0.1842129121769358,-0.027211335728961616
MH_01_easy,124,1403636611823555584,1403636612823555584,0.18515867635534639,0.03164946635357513,0.18084602664793126,-0.024015856321471518
MH_01_easy,125,1403636612073555584,1403636613073555584,0.18581273517554192,0.03118383911541578,0.18195481637582667,-0.021127837775767322
MH_01_easy,126,1403636612323555584,1403636613323555584,0.1833000864260797,0.03181266616859624,0.17949158462129966,-0.019226206208937002
MH_01_easy,127,1403636612573555584,1403636613573555584,0.18176922196756692,0.02940167307296271,0.1783572281557042,-0.019086404580729854
MH_01_easy,128,1403636612823555584,1403636613823555584,0.18671454953414565,0.028056551616041148,0.18391890396204325,-0.015779406977325272
MH_01_easy,129,1403636613073555584,1403636614073555584,0.18689520129062165,0.029268742804170245,0.18384122881710052,-0.016599986359747687
MH_01_easy,130,1403636613323555584,1403636614323555584,0.18897912022838723,0.03248868191991061,0.1851525900935329,-0.019393602322886783
MH_01_easy,131,1403636613573555584,1403636614573555584,0.18953603949455566,0.03387669915901359,0.18542763203511647,-0.019821019126697426
MH_01_easy,132,1403636613823555584,1403636614823555584,0.19055665634560828,0.03268217674103191,0.18668975786784037,-0.01976484020510516
MH_01_easy,133,1403636614073555584,1403636615073555584,0.1927043808054076,0.031810477616173394,0.18915252417043749,-0.01855786882641819
MH_01_easy,134,1403636614323555584,1403636615323555584,0.19255106731681357,0.030508730860834277,0.18900504101756654,-0.020548122445937622
MH_01_easy,135,1403636614573555584,1403636615573555584,0.19328256999872712,0.030905185521358014,0.18987759252638714,-0.018695486877494782
MH_01_easy,136,1403636614823555584,1403636615823555584,0.19330914121093384,0.03199329641412341,0.18976353434309656,-0.018293553342180524
MH_01_easy,137,1403636615073555584,1403636616073555584,0.1934862666877479,0.03347903570466659,0.1897189575956859,-0.017966822029905627
MH_01_easy,138,1403636615323555584,1403636616323555584,0.19389624055810833,0.03350603326599266,0.1899990539347225,-0.01932504440503091
MH_01_easy,139,1403636615573555584,1403636616573555584,0.19466835780276842,0.032872058716614916,0.19095174955312944,-0.018778355304898797
MH_01_easy,140,1403636615823555584,1403636616823555584,0.19523470424379497,0.03204755749579569,0.19181702477747753,-0.01719804655280166
MH_01_easy,141,1403636616073555584,1403636617073555584,0.19427672398275778,0.03136200264106481,0.1908184814288869,-0.01865951277466882
MH_01_easy,142,1403636616323555584,1403636617323555584,0.1937543090039097,0.031773981492021264,0.19031742917953287,-0.01761881120339015
MH_01_easy,143,1403636616573555584,1403636617573555584,0.1939510956495762,0.03201000210692939,0.19039112125881874,-0.01853667215535748
MH_01_easy,144,1403636616823555584,1403636617823555584,0.19494952036373234,0.03231916320306372,0.19128513964695548,-0.01925571422066097
MH_01_easy,145,1403636617073555584,1403636618073555584,0.19475990497526582,0.03162972718718393,0.19118435369008302,-0.019481371823979132
MH_01_easy,146,1403636617323555584,1403636618323555584,0.19509034004971804,0.029865285858329038,0.19188508460482412,-0.018666006201499052
MH_01_easy,147,1403636617573555584,1403636618573555584,0.1959048200107392,0.02970920873623495,0.1928329540148359,-0.017649738400869253
MH_01_easy,148,1403636617823555584,1403636618823555584,0.19394022587131954,0.03079272093444363,0.19034466502178105,-0.020821336321616868
MH_01_easy,149,1403636618073555584,1403636619073555584,0.1914015784459783,0.03143420783568729,0.18747867843506327,-0.022320392953461887
MH_01_easy,150,1403636618323555584,1403636619323555584,0.1896265386848687,0.032154135391711414,0.18547382928955414,-0.02288655499381298
MH_01_easy,151,1403636618573555584,1403636619573555584,0.18535277416721543,0.032879667114062094,0.18067772314945518,-0.0251025644004762
MH_01_easy,152,1403636618823555584,1403636619823555584,0.19042539171500694,0.03545614469638636,0.18536610389105745,-0.02537910836362145
MH_01_easy,153,1403636619073555584,1403636620073555584,0.19140614254563323,0.035568526250528976,0.1860442368617221,-0.02754511345237365
MH_01_easy,154,1403636619323555584,1403636620323555584,0.19659222309825594,0.03719298344503308,0.19085002137990403,-0.029007817988640716
MH_01_easy,155,1403636619573555584,1403636620573555584,0.19214999609697325,0.03666816990090194,0.18648435607947889,-0.028295781554987243
MH_01_easy,156,1403636619823555584,1403636620823555584,0.19318849045615613,0.036349958337322796,0.18803386765351293,-0.025371992213155115
MH_01_easy,157,1403636620073555584,1403636621073555584,0.1958428055242572,0.034062135341641486,0.19140415943333333,-0.023635210242323623
MH_01_easy,158,1403636620323555584,1403636621323555584,0.19409992625626576,0.02925365049262041,0.19020837643681343,-0.025293849821940717
MH_01_easy,159,1403636620573555584,1403636621573555584,0.19458439909137992,0.02744322909230945,0.1907430601570297,-0.0269637265353323
MH_01_easy,160,1403636620823555584,1403636621823555584,0.19615361964189576,0.027382092168968697,0.19219825162024717,-0.02804096291477476
MH_01_easy,161,1403636621073555584,1403636622073555584,0.20125760468686277,0.030030947795037122,0.19672989350950232,-0.03000191024860166
MH_01_easy,162,1403636621323555584,1403636622323555584,0.20018637567090872,0.03188075863903439,0.1949696157836216,-0.03232725095087419
MH_01_easy,163,1403636621573555584,1403636622573555584,0.1994888340662248,0.032834431312640966,0.1943653483743475,-0.030656261820316
MH_01_easy,164,1403636621823555584,1403636622823555584,0.19871211217846252,0.03261662920956443,0.19407119323391409,-0.027550516913416367
MH_01_easy,165,1403636622073555584,1403636623073555584,0.19643879605488385,0.02867067864760653,0.19216475129830046,-0.028963790149775903
MH_01_easy,166,1403636622323555584,1403636623323555584,0.20196088976017948,0.027835961647014962,0.1980581153593859,-0.028041811143317164
MH_01_easy,167,1403636622573555584,1403636623573555584,0.2049700594425074,0.027674224316041496,0.20057849540157036,-0.03186110102951023
MH_01_easy,168,1403636622823555584,1403636623823555584,0.20514510028212873,0.027840824548306387,0.20015790384487575,-0.03530175897403054
MH_01_easy,169,1403636623073555584,1403636624073555584,0.2091209736203713,0.027911303956117628,0.20473408392127346,-0.03219465173469349
MH_01_easy,170,1403636623323555584,1403636624323555584,0.21114833538935335,0.025190968829121196,0.20807073278837884,-0.025604780492168744
MH_01_easy,171,1403636623573555584,1403636624573555584,0.21066272172150488,0.02101419707725416,0.2087542760198693,-0.01894302213826382
MH_01_easy,172,1403636623823555584,1403636624823555584,0.20708510963068294,0.025687665604926302,0.20477151095593626,-0.017117674121922333
MH_01_easy,173,1403636624073555584,1403636625073555584,0.20979899547380773,0.029967591706235197,0.2066145091478453,-0.020688319379353448
MH_01_easy,174,1403636624323555584,1403636625323555584,0.21491555455932745,0.03136511256591046,0.2112123562841164,-0.024377568750441503
MH_01_easy,175,1403636624573555584,1403636625573555584,0.2074046471938733,0.027868745120793292,0.2036184762213551,-0.027920187397307505
MH_01_easy,176,1403636624823555584,1403636625823555584,0.20796205677564958,0.018689759865739397,0.20554416351084703,-0.02550503442745511
MH_01_easy,177,1403636625073555584,1403636626073555584,0.208907594980375,0.012467642187838912,0.20627862471103842,-0.03059526313145544
MH_01_easy,178,1403636625323555584,1403636626323555584,0.20165279137798917,0.0189601009919258,0.19867422508562238,-0.02886026901361549
MH_01_easy,179,1403636625573555584,1403636626573555584,0.1812874473956344,0.021651823261267467,0.1782248279804719,-0.025144538651940884
MH_01_easy,180,1403636625823555584,1403636626823555584,0.1708977750726676,0.02616954682221273,0.16692885503413168,-0.025611749274540907
MH_01_easy,181,1403636626073555584,1403636627073555584,0.16710807375070597,0.034363666707866614,0.16233247013016494,-0.019809489253919454
MH_01_easy,182,1403636626323555584,1403636627323555584,0.1750671214305393,0.021753528323308124,0.17204333561562057,-0.024007742120265463
MH_01_easy,183,1403636626573555584,1403636627573555584,0.1859839645041469,0.01671550714957082,0.18510323309206966,-0.006886216107220955
MH_01_easy,184,1403636626823555584,1403636627823555584,0.1901307987754791,0.00739222956157537,0.18933384543171727,-0.01574072930804915
MH_01_easy,185,1403636627073555584,1403636628073555584,0.19268028108523397,-0.00014822893759092182,0.19010125867899563,-0.03141942386372509
MH_01_easy,186,1403636627323555584,1403636628323555584,0.19400729522838867,0.018309578484280387,0.188786239535927,-0.04078413538922632
MH_01_easy,187,1403636627573555584,1403636628573555584,0.19869592140189363,0.027682285770744386,0.19116162659253533,-0.046593913280067234
MH_01_easy,188,1403636627823555584,1403636628823555584,0.1925468570691168,0.03126106719312993,0.18656379792073463,-0.035930309635916036
MH_01_easy,189,1403636628073555584,1403636629073555584,0.1866159501541841,0.052602964123695806,0.17637319460478817,-0.030837270343719192
MH_01_easy,190,1403636628323555584,1403636629323555584,0.18998038389224264,0.08021812675008277,0.17134561611124832,-0.017270733742613897
MH_01_easy,191,1403636628573555584,1403636629573555584,0.19551633663040624,0.11208252931687568,0.16019937949161211,-0.0005507465918914711
MH_01_easy,192,1403636628823555584,1403636629823555584,0.1959888678009647,0.12874660181694075,0.14772873230888806,-0.0034886204871000803
MH_01_easy,193,1403636629073555584,1403636630073555584,0.18937352777952718,0.1094664841994275,0.15377324611841559,-0.015271235669880312
MH_01_easy,194,1403636629323555584,1403636630323555584,0.1879983742203021,0.10880239507637324,0.14818688766545696,-0.039320145716245536
MH_01_easy,195,1403636629573555584,1403636630573555584,0.19825426179732003,0.13567643522063655,0.13500633678436225,-0.05167152286016041
MH_01_easy,196,1403636629823555584,1403636630823555584,0.19634007060578504,0.1412763921731841,0.12131841099276086,-0.062227385403895163
MH_01_easy,197,1403636630073555584,1403636631073555584,0.18266131624582765,0.11843604030519916,0.13168604817974636,-0.044686077521807865
MH_01_easy,198,1403636630323555584,1403636631323555584,0.17914209385115168,0.10273005213730091,0.14138727254181815,-0.039345461497203305
MH_01_easy,199,1403636630573555584,1403636631573555584,0.1736195140948016,0.08809880304361428,0.1441802555468843,-0.03992981952416785
MH_01_easy,200,1403636630823555584,1403636631823555584,0.1805739239606479,0.09029441544627481,0.15112934264615058,-0.04017190990112107
MH_01_easy,201,1403636631073555584,1403636632073555584,0.18950070533601276,0.09277027639266144,0.1607062569223278,-0.0384407612683505
MH_01_easy,202,1403636631323555584,1403636632323555584,0.1982134496109574,0.08893608738433079,0.17378773567213543,-0.03430403616769051
MH_01_easy,203,1403636631573555584,1403636632573555584,0.19698008647262458,0.08362730261790974,0.17631846560587294,-0.0268221440232842
MH_01_easy,204,1403636631823555584,1403636632823555584,0.19017115349181754,0.09183386580000619,0.1630742107537308,-0.03374033935340126
MH_01_easy,205,1403636632073555584,1403636633073555584,0.19806630745859227,0.11779970889439006,0.1519187603874892,-0.04768837360413136
MH_01_easy,206,1403636632323555584,1403636633323555584,0.1997781434201363,0.1318582904959924,0.14109904308715082,-0.05114448020814555
MH_01_easy,207,1403636632573555584,1403636633573555584,0.2026614104416305,0.12033901556859572,0.15194174054261145,-0.05919354774850083
MH_01_easy,208,1403636632823555584,1403636633823555584,0.19479826522507715,0.09364449457350288,0.15981961782521592,-0.060288991772749156
MH_01_easy,209,1403636633073555584,1403636634073555584,0.19913254418157295,0.08244952540452255,0.17117000745999766,-0.05963786095207835
MH_01_easy,210,1403636633323555584,1403636634323555584,0.20246353023006933,0.07646511488818497,0.1842196037705286,-0.034752048356727294
MH_01_easy,211,1403636633573555584,1403636634573555584,0.19796201449747367,0.07048232605061688,0.18377742185087054,-0.021143796164352024
MH_01_easy,212,1403636633823555584,1403636634823555584,0.19218478200095412,0.07519219525073684,0.17595311661309299,-0.017933905326744326
MH_01_easy,213,1403636634073555584,1403636635073555584,0.18406558294983916,0.06663786123660653,0.1706538561176052,-0.017798754694264285
MH_01_easy,214,1403636634323555584,1403636635323555584,0.1831813367270284,0.0693926515800074,0.16775036182321723,-0.02449240984420198
MH_01_easy,215,1403636634573555584,1403636635573555584,0.18310678534035957,0.0709328784867016,0.16547921391611875,-0.033365421456573174
MH_01_easy,216,1403636634823555584,1403636635823555584,0.1878272213947182,0.06919766331125032,0.17189539148474453,-0.03070379252518718
MH_01_easy,217,1403636635073555584,1403636636073555584,0.20594996757594689,0.08070004716580392,0.18107917949998176,-0.0557962568958168
MH_01_easy,218,1403636635323555584,1403636636323555584,0.21317936345095523,0.07640481013163836,0.18738178529122052,-0.0670508205108461
MH_01_easy,219,1403636635573555584,1403636636573555584,0.20599256989297848,0.06791305684349203,0.18254819901301245,-0.06705900833140799
MH_01_easy,220,1403636635823555584,1403636636823555584,0.19234213974227113,0.0640236605958504,0.17584922384014146,-0.0444243185582236
MH_01_easy,221,1403636636073555584,1403636637073555584,0.17832003388855922,0.06943477491838856,0.15983057701067604,-0.03782899906796344
MH_01_easy,222,1403636636323555584,1403636637323555584,0.1772367932628439,0.071619198123543,0.15772306948907788,-0.03751006127934575
MH_01_easy,223,1403636636573555584,1403636637573555584,0.18317681340906788,0.06230825955682673,0.16839137851572383,-0.03627353585293003
MH_01_easy,224,1403636636823555584,1403636637823555584,0.19152071310347787,0.04221845588430373,0.18492059320075072,-0.02649829693946848
MH_01_easy,225,1403636637073555584,1403636638073555584,0.21260731520735612,0.014079370893368415,0.21139793511989913,-0.017735693444857814
MH_01_easy,226,1403636637323555584,1403636638323555584,0.20094959674504675,0.000459104327303006,0.2002309089684875,-0.016973884318765675
MH_01_easy,227,1403636637573555584,1403636638573555584,0.1900854960922228,0.024650749468736688,0.18625449652637682,-0.02888077040111492
MH_01_easy,228,1403636637823555584,1403636638823555584,0.1835125330815158,0.05632048491832853,0.1737634838021802,-0.017638153913837273
MH_01_easy,229,1403636638073555584,1403636639073555584,0.19360795208440332,0.09405568697291256,0.1680072228513203,-0.020276585712513118
MH_01_easy,230,1403636638323555584,1403636639323555584,0.19619351902675283,0.1071224274497315,0.16285372047503133,-0.022256418688059387
MH_01_easy,231,1403636638573555584,1403636639573555584,0.18053206764224464,0.0862975708100685,0.15519975203434555,-0.03252066555196631
MH_01_easy,232,1403636638823555584,1403636639823555584,0.18107110905113008,0.06470148597609779,0.16052587151086017,-0.053215682098135986
MH_01_easy,233,1403636639073555584,1403636640073555584,0.18591584968777006,0.05961018831134153,0.17187685358529547,-0.038336351107412625
MH_01_easy,234,1403636639323555584,1403636640323555584,0.17481623404675517,0.06212943672361024,0.16233111489965735,-0.018688443330867166
MH_01_easy,235,1403636639573555584,1403636640573555584,0.16799832593488684,0.05628099199491754,0.15825632194006012,0.0032899882973267403
MH_01_easy,236,1403636639823555584,1403636640823555584,0.1738706847556479,0.04211363205950708,0.1674186920052092,0.020698757919721866
MH_01_easy,237,1403636640073555584,1403636641073555584,0.1706194812743634,0.031415095260940384,0.1667587588521653,0.017765571371736844
MH_01_easy,238,1403636640323555584,1403636641323555584,0.18288075296591097,0.035309139855251304,0.1794307453246473,-0.001800577769054068
MH_01_easy,239,1403636640573555584,1403636641573555584,0.18113100933175819,0.046869010477059825,0.17404524001525834,-0.017888343312723043
MH_01_easy,240,1403636640823555584,1403636641823555584,0.1876690196150721,0.060162499741450604,0.17519981492425396,-0.030085867091533713
MH_01_easy,241,1403636641073555584,1403636642073555584,0.20251013058270081,0.06142918830410493,0.18467879475096804,-0.055951323328864766
MH_01_easy,242,1403636641323555584,1403636642323555584,0.1997176319441226,0.04407757385241429,0.18417958304448723,-0.06342066841505067
MH_01_easy,243,1403636641573555584,1403636642573555584,0.19150128289884724,0.015192094289452007,0.18162054192251498,-0.05878707659661864
MH_01_easy,244,1403636641823555584,1403636642823555584,0.1901415580352131,0.003292196005572956,0.1826097611097981,-0.05288334978933995
MH_01_easy,245,1403636642073555584,1403636643073555584,0.18325172634836426,0.032463385357287544,0.17532205209933682,-0.04230250428139515
MH_01_easy,246,1403636642323555584,1403636643323555584,0.1893913887739847,0.06285135608613668,0.17563911429529444,-0.032706371083273234
MH_01_easy,247,1403636642573555584,1403636643573555584,0.19261113776018596,0.0693554567759247,0.17713266995643107,-0.030214040424647703
MH_01_easy,248,1403636642823555584,1403636643823555584,0.19671370505203792,0.05733425700494976,0.18428636857179104,-0.038047326944379845
MH_01_easy,249,1403636643073555584,1403636644073555584,0.2048128468172139,0.04040757051858379,0.19530768643360386,-0.04658796074213034
MH_01_easy,250,1403636643323555584,1403636644323555584,0.20825237404383773,0.03101782938201092,0.20024111947817858,-0.04806703262579015
MH_01_easy,251,1403636643573555584,1403636644573555584,0.19577736392908543,0.049818000508464966,0.18543830720245236,-0.038204414329355396
MH_01_easy,252,1403636643823555584,1403636644823555584,0.18010851377648415,0.057923873625704836,0.16858298612488376,-0.02576195621812538
MH_01_easy,253,1403636644073555584,1403636645073555584,0.168285124992438,0.05804232278344057,0.15724260997525352,-0.015024435689691584
MH_01_easy,254,1403636644323555584,1403636645323555584,0.1863686959734497,0.07030192169343041,0.17247327845815708,-0.0066256217028980435
MH_01_easy,255,1403636644573555584,1403636645573555584,0.1992359266757121,0.08359939257415094,0.18080888416622365,-0.003774049036227134
MH_01_easy,256,1403636644823555584,1403636645823555584,0.1869284144471704,0.09911226044369226,0.1584889899383377,-0.00048169056488656103
MH_01_easy,257,1403636645073555584,1403636646073555584,0.1874205754963874,0.09277296432814253,0.16228028960158625,-0.013592527947057675
MH_01_easy,258,1403636645323555584,1403636646323555584,0.1978181116922423,0.07268941251043914,0.18138179021593892,-0.03080423348231187
MH_01_easy,259,1403636645573555584,1403636646573555584,0.205463027861061,0.06971160995929448,0.1902335943909561,-0.03415445534356398
MH_01_easy,260,1403636645823555584,1403636646823555584,0.22200348960136052,0.07086595240228943,0.20452275982341295,-0.049335655458424554
MH_01_easy,261,1403636646073555584,1403636647073555584,0.2148127331745778,0.09653237173922413,0.17465689654757366,-0.07950459124291342
MH_01_easy,262,1403636646323555584,1403636647323555584,0.1814492546428897,0.12000493779663879,0.11404678672841939,-0.07426962603788645
MH_01_easy,263,1403636646573555584,1403636647573555584,0.1696747050519881,0.09877005976900044,0.12813214319933053,-0.05114816425692603
MH_01_easy,264,1403636646823555584,1403636647823555584,0.17793737833364076,0.08399249811324694,0.15174141989595835,-0.03976823301208987
MH_01_easy,265,1403636647073555584,1403636648073555584,0.18783104704751405,0.07864798062775691,0.16548367266792496,-0.04135397754118064
MH_01_easy,266,1403636647323555584,1403636648323555584,0.18790652667971858,0.08305877481298651,0.1624018155340421,-0.04511931966074345
MH_01_easy,267,1403636647573555584,1403636648573555584,0.18263046855126436,0.09888391119257367,0.14846910018750847,-0.03915081659461439
MH_01_easy,268,1403636647823555584,1403636648823555584,0.17953755275357877,0.12238184658179962,0.1255139764584534,-0.038764135351633255
MH_01_easy,269,1403636648073555584,1403636649073555584,0.19339408492136217,0.15717693144022205,0.10473180997987708,-0.04156840487612812
MH_01_easy,270,1403636648323555584,1403636649323555584,0.19991806634462544,0.17217307635211387,0.08917606673101108,-0.048695935690871495
MH_01_easy,271,1403636648573555584,1403636649573555584,0.20252592062203034,0.1681470884256333,0.09495397336051958,-0.061049554632551795
MH_01_easy,272,1403636648823555584,1403636649823555584,0.19757800999915595,0.14688376767861655,0.12352361029141345,-0.04694833893052852
MH_01_easy,273,1403636649073555584,1403636650073555584,0.18503901582221147,0.15646215261450402,0.08958253934014682,-0.04164133548602078
MH_01_easy,274,1403636649323555584,1403636650323555584,0.17916543323376916,0.1613324048707896,0.06712957154429944,-0.03956928390469816
MH_01_easy,275,1403636649573555584,1403636650573555584,0.18183357772421138,0.16146333482853858,0.06806877692770108,-0.04857656947130917
MH_01_easy,276,1403636649823555584,1403636650823555584,0.18889320381403,0.17155714536221156,0.06591007146802319,-0.04364230517946743
MH_01_easy,277,1403636650073555584,1403636651073555584,0.19244485105300152,0.1828943051102554,0.05257786310988166,-0.02864021937498551
MH_01_easy,278,1403636650323555584,1403636651323555584,0.1953002628124474,0.19059690190247003,0.03813409226881603,-0.01899485842602311
MH_01_easy,279,1403636650573555584,1403636651573555584,0.1947507568850556,0.19094375924778095,0.03379570019389977,-0.018060696554439426
MH_01_easy,280,1403636650823555584,1403636651823555584,0.18979577495815045,0.18305812033229052,0.039298400318949156,-0.031109427907712428
MH_01_easy,281,1403636651073555584,1403636652073555584,0.1886630216189321,0.1805781727499074,0.03705671794343868,-0.040150453396576635
MH_01_easy,282,1403636651323555584,1403636652323555584,0.184511759022295,0.1758538314851008,0.02608916762743263,-0.049390024316849135
MH_01_easy,283,1403636651573555584,1403636652573555584,0.18768144806996406,0.1770735023531418,0.00487448731258322,-0.06201241881647557
MH_01_easy,284,1403636651823555584,1403636652823555584,0.20226834928294277,0.1873302198002007,-0.01878811701159755,-0.07393835628693368
MH_01_easy,285,1403636652073555584,1403636653073555584,0.21236317452489611,0.1904335376019759,-0.05998275222530758,-0.07235506261600266
MH_01_easy,286,1403636652323555584,1403636653323555584,0.20680402339715867,0.18812806330347354,-0.06783169921198251,-0.052674438515772914
MH_01_easy,287,1403636652573555584,1403636653573555584,0.19479032777754107,0.18275344020014372,-0.05258594366152103,-0.042180213606876404
MH_01_easy,288,1403636652823555584,1403636653823555584,0.18879359819319824,0.1782410877327707,-0.046989820946238936,-0.0408055644491524
MH_01_easy,289,1403636653073555584,1403636654073555584,0.18932244603165022,0.18091996760195617,-0.04297200981265892,-0.03555784395847117
MH_01_easy,290,1403636653323555584,1403636654323555584,0.1852996250608696,0.18111086621864447,-0.038044636645070184,-0.009349374726456472
MH_01_easy,291,1403636653573555584,1403636654573555584,0.18887423767649014,0.18586842559448835,-0.03284940371422174,-0.006879149694658082
MH_01_easy,292,1403636653823555584,1403636654823555584,0.19631039544132328,0.19347816809930857,-0.02977212356303749,-0.014750948641075068
MH_01_easy,293,1403636654073555584,1403636655073555584,0.19448892639551607,0.191735386798992,-0.022766397859266263,-0.02334898430414012
MH_01_easy,294,1403636654323555584,1403636655323555584,0.18892008626410106,0.18106726448855376,-0.03983619981766395,-0.0363114569902484
MH_01_easy,295,1403636654573555584,1403636655573555584,0.18969749554178478,0.17007271903236462,-0.07409627922766848,-0.039625136723791865
MH_01_easy,296,1403636654823555584,1403636655823555584,0.19603257145084949,0.16268744486738324,-0.100319810720368,-0.04356030221639984
MH_01_easy,297,1403636655073555584,1403636656073555584,0.1884911034539947,0.15105904025838826,-0.10746414955232986,-0.03408106510239439
MH_01_easy,298,1403636655323555584,1403636656323555584,0.19587617351780268,0.13925733151449862,-0.13088860133078484,-0.042930700123667176
MH_01_easy,299,1403636655573555584,1403636656573555584,0.19745435203913084,0.1338786472157806,-0.13693949811904726,-0.048086409865668145
MH_01_easy,300,1403636655823555584,1403636656823555584,0.20686253944341776,0.13752443622432658,-0.14640154151328222,-0.04945430525945538
MH_01_easy,301,1403636656073555584,1403636657073555584,0.20745680663306285,0.14024433422835644,-0.14661457607759587,-0.04328994590918234
MH_01_easy,302,1403636656323555584,1403636657323555584,0.1978788077732435,0.1424436577683739,-0.1308098080710014,-0.04188819690264067
MH_01_easy,303,1403636656573555584,1403636657573555584,0.20059859511084083,0.15426826724321502,-0.11817212021370516,-0.049763923543232225
MH_01_easy,304,1403636656823555584,1403636657823555584,0.1779737672074056,0.14459725268899315,-0.09087435941843403,-0.0500814050230276
MH_01_easy,305,1403636657073555584,1403636658073555584,0.18063844638501517,0.14449415607509147,-0.09827373062353484,-0.0457598190760411
MH_01_easy,306,1403636657323555584,1403636658323555584,0.19067320168448104,0.13683028136888742,-0.12335853201119296,-0.049157059728642816
MH_01_easy,307,1403636657573555584,1403636658573555584,0.19507887161086934,0.12215202944495196,-0.14257928925265162,-0.05296974728709147
MH_01_easy,308,1403636657823555584,1403636658823555584,0.1878001924935276,0.11043394308496812,-0.13830867223554932,-0.06280101670953608
MH_01_easy,309,1403636658073555584,1403636659073555584,0.1834006057673968,0.10656591530490711,-0.13967661916505492,-0.05263012397568223
MH_01_easy,310,1403636658323555584,1403636659323555584,0.18665988294498537,0.12336153616281931,-0.1362174692632081,-0.03269012640097957
MH_01_easy,311,1403636658573555584,1403636659573555584,0.19392652608879338,0.13966955185117014,-0.13136207047076187,-0.02905030547507792
MH_01_easy,312,1403636658823555584,1403636659823555584,0.1940345424269789,0.15301345611087713,-0.11662920103006069,-0.025177676043301456
MH_01_easy,313,1403636659073555584,1403636660073555584,0.2003363313353656,0.16144799497220474,-0.1143842255065648,-0.03139171112939976
MH_01_easy,314,1403636659323555584,1403636660323555584,0.19584369034831436,0.15347264651971027,-0.11574181008551587,-0.03747974409745719
MH_01_easy,315,1403636659573555584,1403636660573555584,0.19606629734644831,0.14440682230845026,-0.12605756077637942,-0.04120866410150875
MH_01_easy,316,1403636659823555584,1403636660823555584,0.19227073007086376,0.13237640013726626,-0.13566734147157522,-0.03223189083371203
MH_01_easy,317,1403636660073555584,1403636661073555584,0.187744960728367,0.12689467959782408,-0.13604024612669896,-0.025277697728408627
MH_01_easy,318,1403636660323555584,1403636661323555584,0.17808941065307798,0.11820715189461706,-0.13206705936468222,-0.017355093157026737
MH_01_easy,319,1403636660573555584,1403636661573555584,0.17766259843973317,0.1120160475358083,-0.13650684747872788,-0.019552098870268347
MH_01_easy,320,1403636660823555584,1403636661823555584,0.1855535050792626,0.11585530331549077,-0.14389806230830882,-0.017349340183120593
MH_01_easy,321,1403636661073555584,1403636662073555584,0.19619208079310813,0.12965503575248105,-0.14561884060436814,-0.02181874265378171
MH_01_easy,322,1403636661323555584,1403636662323555584,0.19222873873626162,0.13315174696178778,-0.13691304440023888,-0.021847621156917338
MH_01_easy,323,1403636661573555584,1403636662573555584,0.18561351504014947,0.1384038112561925,-0.12185161734131,-0.021188330435100433
MH_01_easy,324,1403636661823555584,1403636662823555584,0.18767032987164073,0.14083447225736156,-0.12066542758984955,-0.028734277834664354
MH_01_easy,325,1403636662073555584,1403636663073555584,0.1829398591060933,0.1338661941596142,-0.12077384982409711,-0.030992116895174837
MH_01_easy,326,1403636662323555584,1403636663323555584,0.1792062139400594,0.12836711895898267,-0.12099488151221482,-0.031575125221380035
MH_01_easy,327,1403636662573555584,1403636663573555584,0.18227984849242573,0.1267265847703709,-0.12693136404914718,-0.03247683327362036
MH_01_easy,328,1403636662823555584,1403636663823555584,0.18681296947444528,0.12085225294839097,-0.13638599973347798,-0.04114216326176712
MH_01_easy,329,1403636663073555584,1403636664073555584,0.1925939485361447,0.1193625750293007,-0.1503523646388576,-0.015465158991155359
MH_01_easy,330,1403636663323555584,1403636664323555584,0.18683368628128283,0.10974706870516482,-0.15104548714291877,-0.00690420551801596
MH_01_easy,331,1403636663573555584,1403636664573555584,0.1744012140095788,0.11112514848525368,-0.13369823323633323,-0.013848005330309221
MH_01_easy,332,1403636663823555584,1403636664823555584,0.1489768096251212,0.10203890279325278,-0.10620325653809104,-0.022428116807550635
MH_01_easy,333,1403636664073555584,1403636665073555584,0.14425847210836384,0.10329992675095323,-0.09409853465575857,-0.03584825914777856
MH_01_easy,334,1403636664323555584,1403636665323555584,0.18679961231498673,0.10118020006851913,-0.15485985844778583,-0.025982427073996006
MH_01_easy,335,1403636664573555584,1403636665573555584,0.20490620399298523,0.10557968941972196,-0.17454659718874854,-0.019312354250031083
MH_01_easy,336,1403636664823555584,1403636665823555584,0.18717227809588866,0.10763165569441241,-0.1488396451765528,-0.035995116388227055
MH_01_easy,337,1403636665073555584,1403636666073555584,0.18781579859627529,0.11668669068607013,-0.13317959768132326,-0.06262735169661027
MH_01_easy,338,1403636665323555584,1403636666323555584,0.19251461764343428,0.12269092941044829,-0.13484148214515024,-0.06185942563342489
MH_01_easy,339,1403636665573555584,1403636666573555584,0.1844872194513427,0.1218004949552059,-0.12890041603271296,-0.05084148223791529
MH_01_easy,340,1403636665823555584,1403636666823555584,0.18897574560917607,0.12721602134527443,-0.13324383643409732,-0.042118836569238594
MH_01_easy,341,1403636666073555584,1403636667073555584,0.18181871873259398,0.11726879874092609,-0.1361238235255744,-0.027863596182125583
MH_01_easy,342,1403636666323555584,1403636667323555584,0.18913227644893446,0.11613053456507685,-0.1476698554732474,-0.021870773212117722
MH_01_easy,343,1403636666573555584,1403636667573555584,0.17933715422452495,0.1137476354837251,-0.1367813151333106,-0.022675143607364945
MH_01_easy,344,1403636666823555584,1403636667823555584,0.18093204033526894,0.1287619051682391,-0.12302488439667503,-0.03196330421770466
MH_01_easy,345,1403636667073555584,1403636668073555584,0.18476626431765378,0.12772311169525935,-0.12838773514649837,-0.03663289004069975
MH_01_easy,346,1403636667323555584,1403636668323555584,0.18589582623453704,0.12031326119893332,-0.13615984028357708,-0.03927435912970728
MH_01_easy,347,1403636667573555584,1403636668573555584,0.18423867909542113,0.11998755183029955,-0.1368767354712599,-0.028489253541072235
MH_01_easy,348,1403636667823555584,1403636668823555584,0.1891126965004587,0.12679116713107855,-0.13863856150839116,-0.021609284534605866
MH_01_easy,349,1403636668073555584,1403636669073555584,0.19547811447283722,0.12987440341822648,-0.14321440445902844,-0.02887848559154771
MH_01_easy,350,1403636668323555584,1403636669323555584,0.19794251000804863,0.12708245837776466,-0.14640263849845603,-0.03996940682122452
MH_01_easy,351,1403636668573555584,1403636669573555584,0.19720862353085955,0.1163859740091906,-0.14991260375427373,-0.05358878133044653
MH_01_easy,352,1403636668823555584,1403636669823555584,0.18338257551680745,0.11470818024111984,-0.12959401377885804,-0.06063492377857427
MH_01_easy,353,1403636669073555584,1403636670073555584,0.17758710546757636,0.13231497961270966,-0.10367860327957779,-0.057277163166800094
MH_01_easy,354,1403636669323555584,1403636670323555584,0.1965285969310249,0.15341561859305086,-0.11838309728785923,-0.032750261982494866
MH_01_easy,355,1403636669573555584,1403636670573555584,0.1876033012663585,0.15208363866083152,-0.10649547016983263,-0.026912456800225026
MH_01_easy,356,1403636669823555584,1403636670823555584,0.19743948431293434,0.14651335866466197,-0.12305609856307065,-0.04871737169627899
MH_01_easy,357,1403636670073555584,1403636671073555584,0.19302606066737532,0.13320693768973446,-0.12449971726426412,-0.06336238828521817
MH_01_easy,358,1403636670323555584,1403636671323555584,0.1947997492973567,0.13459259023734138,-0.12441311042356062,-0.06597844295109612
MH_01_easy,359,1403636670573555584,1403636671573555584,0.19419910386253444,0.1502200897826499,-0.10804813893297371,-0.058930605289822524
MH_01_easy,360,1403636670823555584,1403636671823555584,0.18812588464201283,0.16567431949430278,-0.0654330861992154,-0.06051346596325194
MH_01_easy,361,1403636671073555584,1403636672073555584,0.1891975100159479,0.18061867140882487,-0.02008186082146235,-0.05262425487066841
MH_01_easy,362,1403636671323555584,1403636672323555584,0.19470296487921326,0.18657933184070688,-0.001872029327590674,-0.055622773832560514
MH_01_easy,363,1403636671573555584,1403636672573555584,0.19716123199968738,0.19187959318922482,-0.01908739977057028,-0.0411150129657109
MH_01_easy,364,1403636671823555584,1403636672823555584,0.187839911717938,0.18287554275645074,-0.030441674201945546,-0.030227020486956878
MH_01_easy,365,1403636672073555584,1403636673073555584,0.17500349207388982,0.1693492168333376,-0.041250774942516166,-0.01566647894815872
MH_01_easy,366,1403636672323555584,1403636673323555584,0.17793939130477426,0.17658597223308037,-0.02096562217787934,-0.006345397946997441
MH_01_easy,367,1403636672573555584,1403636673573555584,0.20153530794746552,0.20099268072863918,-0.005553691396737115,-0.013695953959651296
MH_01_easy,368,1403636672823555584,1403636673823555584,0.1943726575115018,0.1943341252363494,0.002034097170037441,0.0032924467207960904
MH_01_easy,369,1403636673073555584,1403636674073555584,0.18656134706742777,0.1863649545322949,-0.004766032388413777,-0.007108085330205925
MH_01_easy,370,1403636673323555584,1403636674323555584,0.1749698860972551,0.17425607048493602,-0.0122626328857951,-0.009945389622516204
MH_01_easy,371,1403636673573555584,1403636674573555584,0.17337076615377087,0.17058204468603905,-0.01937803786091674,-0.024159475079905096
MH_01_easy,372,1403636673823555584,1403636674823555584,0.17382575791519628,0.17044393079520725,-0.014481118720295783,-0.030895918346599077
MH_01_easy,373,1403636674073555584,1403636675073555584,0.17909277051236974,0.17620743642731418,-0.009591883995786255,-0.03054759497770232
MH_01_easy,374,1403636674323555584,1403636675323555584,0.19542145388518292,0.1944042356527567,-0.0029174440775205923,-0.019698383662642482
MH_01_easy,375,1403636674573555584,1403636675573555584,0.19899255056189,0.19868496101085403,-0.005116743406464508,-0.009805120302890713
MH_01_easy,376,1403636674823555584,1403636675823555584,0.19130075649818215,0.18863612279140118,0.029476692368862523,-0.011979867361353702
MH_01_easy,377,1403636675073555584,1403636676073555584,0.19751412506647176,0.17473452963994957,0.08186814029781253,-0.042157814891869316
MH_01_easy,378,1403636675323555584,1403636676323555584,0.2060032920141153,0.17116079400123252,0.09691610493427838,-0.061225872977757057
MH_01_easy,379,1403636675573555584,1403636676573555584,0.18468084558412837,0.1774405723327006,0.022892230887585185,-0.04580178796621148
MH_01_easy,380,1403636675823555584,1403636676823555584,0.19043210513251213,0.18175714855721659,0.04750073983931813,-0.031183414313821878
MH_01_easy,381,1403636676073555584,1403636677073555584,0.1919961292726175,0.16816186615761064,0.08677511914306812,-0.03246812473432714
MH_01_easy,382,1403636676323555584,1403636677323555584,0.18066299584239445,0.1515712145961292,0.08809059406621422,-0.0436501112216755
MH_01_easy,383,1403636676573555584,1403636677573555584,0.19274317221372952,0.14862109223723574,0.10336905754447123,-0.06615541791561941
MH_01_easy,384,1403636676823555584,1403636677823555584,0.20413191185030627,0.15386148327622085,0.114968867891454,-0.06912771380177285
MH_01_easy,385,1403636677073555584,1403636678073555584,0.20064969900705767,0.14961872544727806,0.11751056959647244,-0.06376366316537563
MH_01_easy,386,1403636677323555584,1403636678323555584,0.19668258070777658,0.1310759452707373,0.13685759686117294,-0.052660538419564196
MH_01_easy,387,1403636677573555584,1403636678573555584,0.19167395336760842,0.1180406672723433,0.1438056611088694,-0.046100293952523574
MH_01_easy,388,1403636677823555584,1403636678823555584,0.19558207891263688,0.09923351663636781,0.164165372002385,-0.038141701628102265
MH_01_easy,389,1403636678073555584,1403636679073555584,0.18946437282979556,0.07696270723572751,0.16921114673480986,-0.03662073302688129
MH_01_easy,390,1403636678323555584,1403636679323555584,0.18084131703018397,0.05980721591386917,0.16700940977020196,-0.03513596331470248
MH_01_easy,391,1403636678573555584,1403636679573555584,0.1855358877010265,0.04667658211009096,0.1728595055488107,-0.04862564805684899
MH_01_easy,392,1403636678823555584,1403636679823555584,0.18529499065827473,0.022426368927718432,0.17905676607329113,-0.04207096460913018
MH_01_easy,393,1403636679073555584,1403636680073555584,0.1961841260302771,-0.0022280765703310834,0.19286893946176242,-0.035844374341804486
MH_01_easy,394,1403636679323555584,1403636680323555584,0.20087271308618201,-0.02767790339106524,0.19654606480603043,-0.03087757982326572
MH_01_easy,395,1403636679573555584,1403636680573555584,0.18900095215387736,-0.039379037011923135,0.18351958253759726,-0.022163352280552107
MH_01_easy,396,1403636679823555584,1403636680823555584,0.17658769791189796,-0.04116469797925992,0.17138762734157353,-0.010722121447081068
MH_01_easy,397,1403636680073555584,1403636681073555584,0.1718349436052264,-0.03007816977802613,0.1676988647136639,-0.022352680384325585
MH_01_easy,398,1403636680323555584,1403636681323555584,0.17415535263674287,-0.028147961044149072,0.1690376515608607,-0.03104917866666318
MH_01_easy,399,1403636680573555584,1403636681573555584,0.19068389589452053,-0.02337127701074926,0.18573065719681914,-0.03630777522290274
MH_01_easy,400,1403636680823555584,1403636681823555584,0.21438272749064075,-0.02235709883447412,0.20877118152223328,-0.043297895374285855
MH_01_easy,401,1403636681073555584,1403636682073555584,0.2050846492589025,-0.02728877629331783,0.20022956272498682,-0.034973679546494496
MH_01_easy,402,1403636681323555584,1403636682323555584,0.18494481265421528,-0.011890159383013632,0.18130691047358827,-0.03451104246573211
MH_01_easy,403,1403636681573555584,1403636682573555584,0.17644610778627093,-0.017836866627653603,0.1724313485930553,-0.03290144623283123
MH_01_easy,404,1403636681823555584,1403636682823555584,0.17962339585357737,-0.021436681250203815,0.1750115620868833,-0.034292654765373715
MH_01_easy,405,1403636682073555584,1403636683073555584,0.19505509621678987,-0.026963840399697236,0.18893315130278499,-0.040295238054139315
MH_01_easy,406,1403636682323555584,1403636683323555584,0.19968953943483464,-0.04062848313124667,0.19142808621551755,-0.039755833861394
MH_01_easy,407,1403636682573555584,1403636683573555584,0.19623302755479083,-0.04175484764971893,0.18762514792975082,-0.03950617249756275
MH_01_easy,408,1403636682823555584,1403636683823555584,0.198019376983237,-0.04960600319447228,0.18871369575438823,-0.03373513217136581
MH_01_easy,409,1403636683073555584,1403636684073555584,0.1958992903518682,-0.05475290474268013,0.18494882468252793,-0.03424300850036549
MH_01_easy,410,1403636683323555584,1403636684323555584,0.1879704458631742,-0.057006927550422026,0.1781102549614575,-0.018969338597485425
MH_01_easy,411,1403636683573555584,1403636684573555584,0.1819497493449728,-0.05476325163197904,0.17285920694526347,-0.015046332830479153
MH_01_easy,412,1403636683823555584,1403636684823555584,0.1931941195190325,-0.053248494296394666,0.18424276028682218,-0.0233060282715358
MH_01_easy,413,1403636684073555584,1403636685073555584,0.18148188868781065,-0.03793049004755855,0.17656568122433303,-0.01793081315038922
MH_01_easy,414,1403636684323555584,1403636685323555584,0.1790194191411158,-0.03511613634105659,0.17423041927041627,-0.021414256908746043
MH_01_easy,415,1403636684573555584,1403636685573555584,0.20111650045773857,-0.03729088903353937,0.19565199565204416,-0.02788427780718547
MH_01_easy,416,1403636684823555584,1403636685823555584,0.20183952417836468,-0.03720900786157095,0.19638934258586094,-0.02803407521570056
MH_01_easy,417,1403636685073555584,1403636686073555584,0.19037960757326955,-0.035327399614567656,0.18372354184783468,-0.0352424458162553
MH_01_easy,418,1403636685323555584,1403636686323555584,0.18318665849828566,-0.039241924552301355,0.17690824514856196,-0.026849506655715727
MH_01_easy,419,1403636685573555584,1403636686573555584,0.1943675325068116,-0.043039023218121586,0.187279652114972,-0.029201234167608725
MH_01_easy,420,1403636685823555584,1403636686823555584,0.1904357111506359,-0.0417945109552561,0.18355865776280567,-0.02872626143055501
MH_01_easy,421,1403636686073555584,1403636687073555584,0.18659638092248232,-0.04310120515599947,0.17963974305894048,-0.026268958890416916
MH_01_easy,422,1403636686323555584,1403636687323555584,0.18405567884803026,-0.03767008152959961,0.17906277881792043,-0.019848907168080576
MH_01_easy,423,1403636686573555584,1403636687573555584,0.1881273089097544,-0.034802223219309925,0.18406620014415065,-0.017329846540375532
MH_01_easy,424,1403636686823555584,1403636687823555584,0.18045373769904466,-0.039414324746407825,0.17469320335885907,-0.022188897101041882
MH_01_easy,425,1403636687073555584,1403636688073555584,0.18148000424188826,-0.039077846388821835,0.17492552507396386,-0.028442477719873016
MH_01_easy,426,1403636687323555584,1403636688323555584,0.1866124355318777,-0.041885131640964746,0.17795173244203832,-0.037456878719875575
MH_01_easy,427,1403636687573555584,1403636688573555584,0.1875539545269141,-0.04440786605652036,0.17909743828619407,-0.03359367336735908
MH_01_easy,428,1403636687823555584,1403636688823555584,0.1806628483309951,-0.04163429143431929,0.17449004803903057,-0.02142133700699178
MH_01_easy,429,1403636688073555584,1403636689073555584,0.17628552397246286,-0.04190105546142986,0.17069445799601013,-0.013575327727620268
MH_01_easy,430,1403636688323555584,1403636689323555584,0.1858431585942213,-0.04574269135530429,0.179449705415613,-0.015591312007011138
MH_01_easy,431,1403636688573555584,1403636689573555584,0.19058331654207522,-0.03890333702165094,0.18630617831172236,-0.009926672938976089
MH_01_easy,432,1403636688823555584,1403636689823555584,0.1931135578674905,-0.024349200769412382,0.19078916720323402,-0.017304806616309287
MH_01_easy,433,1403636689073555584,1403636690073555584,0.196344650854767,-0.01501397243811442,0.19517529002271816,-0.015244957049980079
MH_01_easy,434,1403636689323555584,1403636690323555584,0.18768928235219265,-0.01660653142033386,0.18628094938745443,-0.015839751240950772
MH_01_easy,435,1403636689573555584,1403636690573555584,0.18035800842019034,-0.037551888182859816,0.1738573895868254,-0.02987431976220145
MH_01_easy,436,1403636689823555584,1403636690823555584,0.1855891962585192,-0.061233143609624285,0.17040815003068,-0.040680637835308675
MH_01_easy,437,1403636690073555584,1403636691073555584,0.18825284217915972,-0.05613880056542464,0.17243425874802965,-0.05053705640047368
MH_01_easy,438,1403636690323555584,1403636691323555584,0.18828242379878493,-0.04532655805819119,0.1782887537499147,-0.04011102756655527
MH_01_easy,439,1403636690573555584,1403636691573555584,0.19843719489205267,-0.04265051280235532,0.1902608000753898,-0.0368657297363712
MH_01_easy,440,1403636690823555584,1403636691823555584,0.19912159278119307,-0.05113149358458857,0.1917327815365084,-0.01653842676320827
MH_01_easy,441,1403636691073555584,1403636692073555584,0.18847545495649973,-0.05867999088067877,0.17910597856895105,-0.0008391854154243816
MH_01_easy,442,1403636691323555584,1403636692323555584,0.17660510617207048,-0.06576880366792115,0.16330737928052041,-0.013947324570217051
MH_01_easy,443,1403636691573555584,1403636692573555584,0.17950657495207487,-0.07750429015575544,0.1615433486368767,-0.010928950986341335
MH_01_easy,444,1403636691823555584,1403636692823555584,0.1811294011654119,-0.061402179122629574,0.1643111231238823,-0.045160681829458905
MH_01_easy,445,1403636692073555584,1403636693073555584,0.1860696437945824,-0.04911204676131953,0.17375276219743352,-0.04494326238179486
MH_01_easy,446,1403636692323555584,1403636693323555584,0.18758537005024908,-0.04841991570458237,0.17600669681844128,-0.043190571831261015
MH_01_easy,447,1403636692573555584,1403636693573555584,0.17704743589481595,-0.0557775307834083,0.16498735622517913,-0.03184075850950702
MH_01_easy,448,1403636692823555584,1403636693823555584,0.17785437542789226,-0.05250274485020778,0.1679525589830071,-0.025837541932218433
MH_01_easy,449,1403636693073555584,1403636694073555584,0.19464846347701228,-0.053398627237737584,0.1850122330584245,-0.028409233742256235
MH_01_easy,450,1403636693323555584,1403636694323555584,0.19801755475951516,-0.056336016433362834,0.1861867837279485,-0.03703629045138823
MH_01_easy,451,1403636693573555584,1403636694573555584,0.199592309343539,-0.06131326874142329,0.18608303577937502,-0.03809037700602097
MH_01_easy,452,1403636693823555584,1403636694823555584,0.19500346934453436,-0.06040438262355485,0.18102664208187225,-0.04008763491194822
MH_01_easy,453,1403636694073555584,1403636695073555584,0.19646128389623405,-0.06055416762742394,0.18182912139734864,-0.04322498658154528
MH_01_easy,454,1403636694323555584,1403636695323555584,0.19059887418659033,-0.058868625680877806,0.17710333353842156,-0.03868882269104329
MH_01_easy,455,1403636694573555584,1403636695573555584,0.19562224255234592,-0.04771100470788314,0.1855547179088335,-0.03951162452679524
MH_01_easy,456,1403636694823555584,1403636695823555584,0.20162079693842927,-0.03304836241886444,0.1955568022919607,-0.03628069151575958
MH_01_easy,457,1403636695073555584,1403636696073555584,0.1903072016199936,-0.024845775070258536,0.1847261037028307,-0.03841594799509768
MH_01_easy,458,1403636695323555584,1403636696323555584,0.18830523507220157,-0.021515379985999394,0.18237388644625874,-0.04166191932859395
MH_01_easy,459,1403636695573555584,1403636696573555584,0.18640820605541442,-0.020438609694967358,0.1812128296038873,-0.03862891281782521
MH_01_easy,460,1403636695823555584,1403636696823555584,0.18828008014505895,-0.014105736340062291,0.18422614554242234,-0.03620972356034621
MH_01_easy,461,1403636696073555584,1403636697073555584,0.19291617171774433,-0.007579935785530401,0.18835877741371032,-0.04098981403873139
MH_01_easy,462,1403636696323555584,1403636697323555584,0.19737211321753292,-0.010254561639060578,0.19149777429851156,-0.04668187528647144
MH_01_easy,463,1403636696573555584,1403636697573555584,0.19402618107165276,-0.028910869335576628,0.1866398528532347,-0.04445093815021123
MH_01_easy,464,1403636696823555584,1403636697823555584,0.19379039991095104,-0.040378379857801905,0.18473703017354026,-0.04238555438313696
MH_01_easy,465,1403636697073555584,1403636698073555584,0.18364133104592945,-0.04034564149174402,0.17529328225626095,-0.03699503854258229
MH_01_easy,466,1403636697323555584,1403636698323555584,0.18713247043656206,-0.03747329115050746,0.18065996789599126,-0.031245638765425854
MH_01_easy,467,1403636697573555584,1403636698573555584,0.1900216958619084,-0.024453575596257937,0.18652690086576484,-0.026795200917456297
MH_01_easy,468,1403636697823555584,1403636698823555584,0.19080139044658082,-0.009002341558596028,0.18889948683693092,-0.02532019580404385
MH_01_easy,469,1403636698073555584,1403636699073555584,0.1982133992115928,-0.0022291909326404014,0.19633151818627148,-0.02715726977208599
MH_01_easy,470,1403636698323555584,1403636699323555584,0.2064079457744797,0.018662165901328853,0.2033697142390949,-0.029945333075801994
MH_01_easy,471,1403636698573555584,1403636699573555584,0.20380427460712758,0.04117321632088533,0.19436822355147365,-0.04540861459431919
MH_01_easy,472,1403636698823555584,1403636699823555584,0.19100901560733025,0.06383186751234637,0.17452676889804808,-0.04416269546998816
MH_01_easy,473,1403636699073555584,1403636700073555584,0.18433483030618333,0.0881713998441862,0.1550771672754956,-0.04643496638670053
MH_01_easy,474,1403636699323555584,1403636700323555584,0.18944040727937023,0.11303665281608133,0.1453652127270737,-0.04448975116948819
MH_01_easy,475,1403636699573555584,1403636700573555584,0.19235535629448,0.14706400201049674,0.11881619403335986,-0.035432674796858514
MH_01_easy,476,1403636699823555584,1403636700823555584,0.18760903101220985,0.15337654554562818,0.10132007675161248,-0.03751034311863222
MH_01_easy,477,1403636700073555584,1403636701073555584,0.19184116240269583,0.15687649241360702,0.10573612469671678,-0.0318224708993719
MH_01_easy,478,1403636700323555584,1403636701323555584,0.1922207440156025,0.15101001659530966,0.11438559524308056,-0.03256877213961598
MH_01_easy,479,1403636700573555584,1403636701573555584,0.19375356884255507,0.1570337185800046,0.11021498890046644,-0.02708344309412508
MH_01_easy,480,1403636700823555584,1403636701823555584,0.19114676403138178,0.1553986153870368,0.10934901521226514,-0.020764118270910556
MH_01_easy,481,1403636701073555584,1403636702073555584,0.1910577839663305,0.15466141851224946,0.1081039608226666,-0.029940876613005207
MH_01_easy,482,1403636701323555584,1403636702323555584,0.19233707430476193,0.1592902278588999,0.10392589766723859,-0.02862832958511405
MH_01_easy,483,1403636701573555584,1403636702573555584,0.1834554011037024,0.1585777867116558,0.09034344076912415,-0.01862880741616857
MH_01_easy,484,1403636701823555584,1403636702823555584,0.1828260338648165,0.1650420151616383,0.07805230396465124,-0.00971234966083201
MH_01_easy,485,1403636702073555584,1403636703073555584,0.19325036955496855,0.17403044096947395,0.08395878936633316,-0.0031674338575650163
MH_01_easy,486,1403636702323555584,1403636703323555584,0.19192666877350234,0.16944088138712843,0.08949991213859754,-0.010742421907096511
MH_01_easy,487,1403636702573555584,1403636703573555584,0.18149393786918508,0.1657482436942932,0.06992818972896675,-0.024033673808854905
MH_01_easy,488,1403636702823555584,1403636703823555584,0.18233909676658275,0.16704300790094928,0.06451423718057558,-0.03438157823697252
MH_01_easy,489,1403636703073555584,1403636704073555584,0.1915957705430527,0.17461097473014764,0.06899377281691077,-0.03820740904932385
MH_01_easy,490,1403636703323555584,1403636704323555584,0.20871144893125076,0.1877827916534487,0.08032531740772875,-0.04296435100367757
MH_01_easy,491,1403636703573555584,1403636704573555584,0.20244564955989308,0.18480342671390892,0.07215887273982702,-0.040311680508772985
MH_01_easy,492,1403636703823555584,1403636704823555584,0.1855063877086723,0.17565867727965845,0.053174631160604946,-0.027001992111966078
MH_01_easy,493,1403636704073555584,1403636705073555584,0.1853823939568452,0.17440966153089543,0.061479756845050026,-0.012966936882817248
MH_01_easy,494,1403636704323555584,1403636705323555584,0.18845074424084404,0.1723157818330645,0.07487992047481384,-0.014627092871561609
MH_01_easy,495,1403636704573555584,1403636705573555584,0.18944078490095428,0.1711428406534894,0.07821491457784724,-0.021917258371521364
MH_01_easy,496,1403636704823555584,1403636705823555584,0.18200446590207534,0.16538786964474794,0.07492697857558994,-0.012586741603952123
MH_01_easy,497,1403636705073555584,1403636706073555584,0.19084097015148122,0.1680521414595355,0.08760126637092824,-0.022467126416889416
MH_01_easy,498,1403636705323555584,1403636706323555584,0.19808148548621657,0.17362089246428702,0.09178262657477987,-0.025845890415406747
MH_01_easy,499,1403636705573555584,1403636706573555584,0.19100955290706598,0.17036777130968495,0.08486856263780673,-0.016024945445174077
MH_01_easy,500,1403636705823555584,1403636706823555584,0.18539654784591425,0.16752375505423966,0.07913516809596466,-0.006730276081476472
MH_01_easy,501,1403636706073555584,1403636707073555584,0.1837983670380756,0.16858769567084564,0.0731211976601065,0.0036495269568975752
MH_01_easy,502,1403636706323555584,1403636707323555584,0.18334439138495323,0.163066527070574,0.08352502153238195,-0.006931405303096327
MH_01_easy,503,1403636706573555584,1403636707573555584,0.20154416974259054,0.17081416187002785,0.10582587330759274,-0.015603172772080787
MH_01_easy,504,1403636706823555584,1403636707823555584,0.20042173822887782,0.168755085522601,0.10254571816511948,-0.034277834688677955
MH_01_easy,505,1403636707073555584,1403636708073555584,0.191048186152697,0.16822172559416138,0.085934752786617,-0.02856709179915351
MH_01_easy,506,1403636707323555584,1403636708323555584,0.18147600759964255,0.1602777484700546,0.0827453423760236,-0.0199447485506854
MH_01_easy,507,1403636707573555584,1403636708573555584,0.18239987846807493,0.1598276207194304,0.0864547281573369,-0.015824894930942857
MH_01_easy,508,1403636707823555584,1403636708823555584,0.18789402666440608,0.15802518766312668,0.10077023520746309,-0.013325352394241152
MH_01_easy,509,1403636708073555584,1403636709073555584,0.18146441582833997,0.1498161562322752,0.10083843219722866,-0.017778192700949935
MH_01_easy,510,1403636708323555584,1403636709323555584,0.18653798738441488,0.15493255084589508,0.10210680276184547,-0.01914487543876564
MH_01_easy,511,1403636708573555584,1403636709573555584,0.18497791881386186,0.15884151991465356,0.09133809061858145,-0.025368389820053294
MH_01_easy,512,1403636708823555584,1403636709823555584,0.18798853862456458,0.1626461509765209,0.08065859796182195,-0.0487863792626112
MH_01_easy,513,1403636709073555584,1403636710073555584,0.19032558251966952,0.1756131142870117,0.06322570134180872,-0.037234018608053865
MH_01_easy,514,1403636709323555584,1403636710323555584,0.19098778173682568,0.179696602417602,0.05463479328204457,-0.034648278678051314
MH_01_easy,515,1403636709573555584,1403636710573555584,0.18825382118919093,0.17939324798840994,0.04553366492100963,-0.0344129209362114
MH_01_easy,516,1403636709823555584,1403636710823555584,0.1855787432803,0.17773940952725298,0.04957340124122034,-0.019764871559813324
MH_01_easy,517,1403636710073555584,1403636711073555584,0.1845286655351003,0.17019632035985421,0.0682907001264077,-0.020504175583911044
MH_01_easy,518,1403636710323555584,1403636711323555584,0.18869117746817904,0.16309891566692825,0.09413883011522017,-0.011873703177096129
MH_01_easy,519,1403636710573555584,1403636711573555584,0.18458912914747616,0.15298231065112056,0.10283266226920773,-0.00974693787272396
MH_01_easy,520,1403636710823555584,1403636711823555584,0.17890865505287076,0.1396801325386441,0.10791524489896709,-0.02919019262029421
MH_01_easy,521,1403636711073555584,1403636712073555584,0.1811911276796331,0.13227260472197933,0.1182664838229659,-0.0367045173518501
MH_01_easy,522,1403636711323555584,1403636712323555584,0.193537159238005,0.13124959078244003,0.1355427416581385,-0.04310849230898772
MH_01_easy,523,1403636711573555584,1403636712573555584,0.19704069110008052,0.13332478824868788,0.14018081483665767,-0.03740152322259871
MH_01_easy,524,1403636711823555584,1403636712823555584,0.19586195598062664,0.1417941782653105,0.1308503359826858,-0.033682434351461676
MH_01_easy,525,1403636712073555584,1403636713073555584,0.18783364167097455,0.13759515829363433,0.12523829855300583,-0.02577630565224498
MH_01_easy,526,1403636712323555584,1403636713323555584,0.17351826117114597,0.13154812989914078,0.11132979058830017,-0.020232503736859586
MH_01_easy,527,1403636712573555584,1403636713573555584,0.17635800829000342,0.13094884852150868,0.11750601872087785,-0.01211947702157945
MH_01_easy,528,1403636712823555584,1403636713823555584,0.1814439657018137,0.12029978355438176,0.1347236878354119,-0.0173032569881032
MH_01_easy,529,1403636713073555584,1403636714073555584,0.17694803698185063,0.10846789476741048,0.13642057406388108,-0.030573690790244523
MH_01_easy,530,1403636713323555584,1403636714323555584,0.17161941776598436,0.10188398759639927,0.13041977167781482,-0.04542643262791912
MH_01_easy,531,1403636713573555584,1403636714573555584,0.16308828621899743,0.11548629250204545,0.1114084293207549,-0.02913532601952451
MH_01_easy,532,1403636713823555584,1403636714823555584,0.1876480183192504,0.12355675260257715,0.13925155240077558,-0.023548095876765318
MH_01_easy,533,1403636714073555584,1403636715073555584,0.19280854097011743,0.1346075016816688,0.1365957439108172,-0.019938824125194154
MH_01_easy,534,1403636714323555584,1403636715323555584,0.18808572080155983,0.12712253616204006,0.13617970715937933,-0.025907267844348825
MH_01_easy,535,1403636714573555584,1403636715573555584,0.18477227576613234,0.11903002058046397,0.13773181038491433,-0.031663804264553896
MH_01_easy,536,1403636714823555584,1403636715823555584,0.17535964308325658,0.09782489505890024,0.13775653765298035,-0.046951364866905654
MH_01_easy,537,1403636715073555584,1403636716073555584,0.1774397433611975,0.08416635375080284,0.15167038851433645,-0.03737620457313162
MH_01_easy,538,1403636715323555584,1403636716323555584,0.1854177864580946,0.08290466766853366,0.16541692444259493,-0.011992194200495299
MH_01_easy,539,1403636715573555584,1403636716573555584,0.18883405542230114,0.08824560289659522,0.1665862524796804,0.010956027629816345
MH_01_easy,540,1403636715823555584,1403636716823555584,0.17020254409674695,0.08300438113321962,0.14850423436524274,0.005066666092151784
MH_01_easy,541,1403636716073555584,1403636717073555584,0.17149273699600018,0.08695051556704181,0.1474711579447625,-0.010080885845788257
MH_01_easy,542,1403636716323555584,1403636717323555584,0.17769315404320327,0.08600868729835243,0.15352866847364677,-0.024623376286465215
MH_01_easy,543,1403636716573555584,1403636717573555584,0.17507991066608353,0.08106588424398975,0.15383265440585525,-0.020415973379502295
MH_01_easy,544,1403636716823555584,1403636717823555584,0.17943718536249909,0.06251915869569852,0.16538899550294683,-0.030586573088924984
MH_01_easy,545,1403636717073555584,1403636718073555584,0.1808300087370475,0.050208004685230456,0.17191314315692896,-0.024990388857994983
MH_01_easy,546,1403636717323555584,1403636718323555584,0.17819626154339624,0.05015410610636967,0.16917616952011993,-0.024857532766007384
MH_01_easy,547,1403636717573555584,1403636718573555584,0.18306875122723185,0.05198642161147757,0.1748665964914533,-0.015272625033930898
MH_01_easy,548,1403636717823555584,1403636718823555584,0.17383074292003936,0.04083992076876901,0.16896126178961612,-0.0011489430770464937
MH_01_easy,549,1403636718073555584,1403636719073555584,0.17583684869776972,0.019671085783883963,0.1744083711395561,-0.01064733865772538
MH_01_easy,550,1403636718323555584,1403636719323555584,0.17454800890647112,-0.0003938029128419743,0.17454724370275176,-0.00033473609238221513
MH_01_easy,551,1403636718573555584,1403636719573555584,0.18175043843615551,-0.01835272302594554,0.18079398671286828,0.003151792781083129
MH_01_easy,552,1403636718823555584,1403636719823555584,0.1819922145515331,-0.01974498316482942,0.18088143583855398,-0.003634276568306838
MH_01_easy,553,1403636719073555584,1403636720073555584,0.18030823634007065,-0.01194675202177875,0.17978263070222056,-0.006822089561554834
MH_01_easy,554,1403636719323555584,1403636720323555584,0.1786014316158714,-0.008866311646029024,0.1775966605832595,-0.016711853359480666
MH_01_easy,555,1403636719573555584,1403636720573555584,0.17923410414298424,-0.008134694899540829,0.17840590003839818,-0.015166596794224385
MH_01_easy,556,1403636719823555584,1403636720823555584,0.1859551643558202,-0.004365709718812116,0.18424593042861392,-0.024772986290423904
MH_01_easy,557,1403636720073555584,1403636721073555584,0.18482266607623332,-0.0034668948588301163,0.18150646326786202,-0.03468144067879719
MH_01_easy,558,1403636720323555584,1403636721323555584,0.17975549260092405,0.005234446832581785,0.17694778089760366,-0.031210903895456
MH_01_easy,559,1403636720573555584,1403636721573555584,0.17607623877198303,0.00865788810540813,0.17443771735664715,-0.02234648959109886
MH_01_easy,560,1403636720823555584,1403636721823555584,0.17626392490299356,0.015980940397230747,0.17413786221850103,-0.022126583744416117
MH_01_easy,561,1403636721073555584,1403636722073555584,0.179114160182241,0.03846307209627042,0.17271250584259512,-0.02780044582876573
MH_01_easy,562,1403636721323555584,1403636722323555584,0.18181403954335848,0.05122259670233298,0.17025528269725942,-0.038022746821085196
MH_01_easy,563,1403636721573555584,1403636722573555584,0.17967132243797962,0.05104135528354181,0.16819397186579454,-0.03724717419402468
MH_01_easy,564,1403636721823555584,1403636722823555584,0.18405379136417704,0.05425607946098854,0.17362207607195757,-0.02806155123143217
MH_01_easy,565,1403636722073555584,1403636723073555584,0.18820425298619173,0.0597418130226024,0.174574593275989,-0.0370873024279994
MH_01_easy,566,1403636722323555584,1403636723323555584,0.19690263172066172,0.06679311803027232,0.17599739623988064,-0.05774289808365263
MH_01_easy,567,1403636722573555584,1403636723573555584,0.20076649043418193,0.07056127497328935,0.1715858667369412,-0.0767240541912051
MH_01_easy,568,1403636722823555584,1403636723823555584,0.1985333832307142,0.06277842426814373,0.17194767640070108,-0.07686592407460124
MH_01_easy,569,1403636723073555584,1403636724073555584,0.19119738327249386,0.04172376289372348,0.17599588999653282,-0.06197591213177567
MH_01_easy,570,1403636723323555584,1403636724323555584,0.18109268632975364,0.04166035967456949,0.16969680561977096,-0.04756016859050982
MH_01_easy,571,1403636723573555584,1403636724573555584,0.18083267175909906,0.06385546471662629,0.16494433816232856,-0.03763376289383191
MH_01_easy,572,1403636723823555584,1403636724823555584,0.18156019542613627,0.0848163683232721,0.15746614531793224,-0.031220206699182684
MH_01_easy,573,1403636724073555584,1403636725073555584,0.18653500004944717,0.1020212713292028,0.15211264787328993,-0.035337073970505006
MH_01_easy,574,1403636724323555584,1403636725323555584,0.1941981623533156,0.11241074728417533,0.149592277267514,-0.0519509454999349
MH_01_easy,575,1403636724573555584,1403636725573555584,0.19201009862157167,0.1049213241991469,0.14910456978830755,-0.060226414215084345
MH_01_easy,576,1403636724823555584,1403636725823555584,0.1926532073881239,0.10305941801031793,0.14893056758312184,-0.06567876913946552
MH_01_easy,577,1403636725073555584,1403636726073555584,0.18990733396540574,0.10093243409017916,0.14962602656175328,-0.059071917336593116
MH_01_easy,578,1403636725323555584,1403636726323555584,0.18409169158420277,0.0948120598031279,0.15014079786908674,-0.04856094152150858
MH_01_easy,579,1403636725573555584,1403636726573555584,0.18455797389823125,0.08468794103093069,0.16028055914757644,-0.03463727374811798
MH_01_easy,580,1403636725823555584,1403636726823555584,0.1860866332721718,0.06394834265550209,0.17214613327356787,-0.030075793474906964
MH_01_easy,581,1403636726073555584,1403636727073555584,0.1935635340706205,0.041828408424200436,0.18528153851955942,-0.03725556944178357
MH_01_easy,582,1403636726323555584,1403636727323555584,0.1945132580390446,0.03173160423329513,0.18694320310680546,-0.0433676337596733
MH_01_easy,583,1403636726573555584,1403636727573555584,0.19969660280051083,0.0447053788825551,0.18464570007807435,-0.061531518035150064
MH_01_easy,584,1403636726823555584,1403636727823555584,0.18358676400806453,0.06771551680971122,0.16202204581086566,-0.05354965334536015
MH_01_easy,585,1403636727073555584,1403636728073555584,0.1849084538216963,0.07619981069715953,0.16154647955058987,-0.047827398938874874
MH_01_easy,586,1403636727323555584,1403636728323555584,0.18356296558002913,0.07593352940397269,0.16359565248365904,-0.034145628318085375
MH_01_easy,587,1403636727573555584,1403636728573555584,0.18711263722572521,0.08368381992341778,0.16584261044188509,-0.022458536337259
MH_01_easy,588,1403636727823555584,1403636728823555584,0.1941484205892992,0.0889708883943614,0.1702998822263866,-0.027852115706286346
MH_01_easy,589,1403636728073555584,1403636729073555584,0.1994419935008521,0.0923086269140132,0.17541185959508354,-0.02206593941435875
MH_01_easy,590,1403636728323555584,1403636729323555584,0.1938924314595542,0.08395119603582168,0.17271539680039716,-0.026755623138591228
MH_01_easy,591,1403636728573555584,1403636729573555584,0.1951642535288945,0.08414373000375797,0.17482881194932398,-0.02106668148838814
MH_01_easy,592,1403636728823555584,1403636729823555584,0.1828130752862152,0.074914737486381,0.16498009781053868,-0.02428929660107726
MH_01_easy,593,1403636729073555584,1403636730073555584,0.18583816069896916,0.07626209856330712,0.1660190400274253,-0.03402341316018248
MH_01_easy,594,1403636729323555584,1403636730323555584,0.18859637547744754,0.07618250004592886,0.16820750968867193,-0.038354311547957126
MH_01_easy,595,1403636729573555584,1403636730573555584,0.18581645313187173,0.0655373336872005,0.16767925803642036,-0.046003027857274476
MH_01_easy,596,1403636729823555584,1403636730823555584,0.18768437832156382,0.06211232892145224,0.17368105868851114,-0.034675269497772776
MH_01_easy,597,1403636730073555584,1403636731073555584,0.18728494078420294,0.04956213559587308,0.18002761441798887,-0.014467266731716166
MH_01_easy,598,1403636730323555584,1403636731323555584,0.1825128899187616,0.03802913219387927,0.1779076905028547,-0.014614846937922588
MH_01_easy,599,1403636730573555584,1403636731573555584,0.16741667980650782,0.027008862930801847,0.16386944741635512,-0.02111090249322245
MH_01_easy,600,1403636730823555584,1403636731823555584,0.1701219560373611,0.046941059562945586,0.15994629154318574,-0.03398824318301924
MH_01_easy,601,1403636731073555584,1403636732073555584,0.1854496636968023,0.06170674738558857,0.17035525781744365,-0.039534051478447435
MH_01_easy,602,1403636731323555584,1403636732323555584,0.17862592755040999,0.05603832641120432,0.1683045647120549,-0.0209881267234919
MH_01_easy,603,1403636731573555584,1403636732573555584,0.17934028046216702,0.06745100829829243,0.16468304444386161,-0.022198931246650427
MH_01_easy,604,1403636731823555584,1403636732823555584,0.1789195725440781,0.08351715742959476,0.15575716097971926,-0.02787121557761224
MH_01_easy,605,1403636732073555584,1403636733073555584,0.18305000459042348,0.09455789165075057,0.15408098067675846,-0.028725610538461205
MH_01_easy,606,1403636732323555584,1403636733323555584,0.19776760025823076,0.10368562349328769,0.16599204378264165,-0.028424577280394603
MH_01_easy,607,1403636732573555584,1403636733573555584,0.2090077489427843,0.08790152031320897,0.18509386710740605,-0.04120463813677239
MH_01_easy,608,1403636732823555584,1403636733823555584,0.1967842854620732,0.055840348842105314,0.18362167092488368,-0.04346254033952024
MH_01_easy,609,1403636733073555584,1403636734073555584,0.17718766225703958,0.046694585692775625,0.1650776540887846,-0.044322132661214986
MH_01_easy,610,1403636733323555584,1403636734323555584,0.17552843246303246,0.05402853841068822,0.16040334756261654,-0.046496384061995355
MH_01_easy,611,1403636733573555584,1403636734573555584,0.17772975241460165,0.06712590248000705,0.1607739428067303,-0.035124313857759604
MH_01_easy,612,1403636733823555584,1403636734823555584,0.17709551868336515,0.06256016694160849,0.1624254064612567,-0.03266551064752804
MH_01_easy,613,1403636734073555584,1403636735073555584,0.17381130352141963,0.05532565891509211,0.1617758688072508,-0.03127313494175343
MH_01_easy,614,1403636734323555584,1403636735323555584,0.1731326843349962,0.04020858523555759,0.16724015180529306,-0.019721249517687056
MH_01_easy,615,1403636734573555584,1403636735573555584,0.179141634927658,0.03538373375018988,0.1754552281380517,-0.0074283019240066195
MH_01_easy,616,1403636734823555584,1403636735823555584,0.18042095618739865,0.020643470720903778,0.17832950147044757,0.01800437317631598
MH_01_easy,617,1403636735073555584,1403636736073555584,0.17695853730501518,0.014756765037926556,0.17543388442239216,0.017874954747260974
MH_01_easy,618,1403636735323555584,1403636736323555584,0.17180547644841906,0.03358429775739058,0.16843658060844025,0.004281938199883428
MH_01_easy,619,1403636735573555584,1403636736573555584,0.17067606655962822,0.061748485613929205,0.1575071886359214,-0.02255947137371117
MH_01_easy,620,1403636735823555584,1403636736823555584,0.17113806320431646,0.07173329847572418,0.15034942357901238,-0.039212515815438276
MH_01_easy,621,1403636736073555584,1403636737073555584,0.16858947313047645,0.06736048923157067,0.15079905682729366,-0.033832224297165925
MH_01_easy,622,1403636736323555584,1403636737323555584,0.17898420986856395,0.058008913078093194,0.16202688872734294,-0.04916910325712276
MH_01_easy,623,1403636736573555584,1403636737573555584,0.18058521860345714,0.06861383450985059,0.16037077914358733,-0.046737309387597126
MH_01_easy,624,1403636736823555584,1403636737823555584,0.1941249419080024,0.07589988768740863,0.17072577551523382,-0.05269164729391229
MH_01_easy,625,1403636737073555584,1403636738073555584,0.20604593109133568,0.0836505268984089,0.17833418635763776,-0.06045190687706503
MH_01_easy,626,1403636737323555584,1403636738323555584,0.20482424534418786,0.08543553299610629,0.17715418479218648,-0.057185102894924844
MH_01_easy,627,1403636737573555584,1403636738573555584,0.198420595918396,0.08336908915743813,0.17394293475744393,-0.04652078358796341
MH_01_easy,628,1403636737823555584,1403636738823555584,0.17929787089747948,0.06301204618663991,0.1655461599886564,-0.02777908307975907
MH_01_easy,629,1403636738073555584,1403636739073555584,0.1733067862190614,0.04912776818359266,0.16345744340949575,-0.03005609317443181
MH_01_easy,630,1403636738323555584,1403636739323555584,0.17694120662808008,0.04891948798530077,0.1659881163669764,-0.036919094290083
MH_01_easy,631,1403636738573555584,1403636739573555584,0.18567745336243632,0.06729117928360306,0.16912901844463912,-0.036652271385749335
MH_01_easy,632,1403636738823555584,1403636739823555584,0.1966874210432393,0.09177977259609005,0.1723041513349246,-0.023951917910720488
MH_01_easy,633,1403636739073555584,1403636740073555584,0.19545405097483265,0.10603872487174115,0.16122242426350486,-0.031070963690334796
MH_01_easy,634,1403636739323555584,1403636740323555584,0.18324973599007435,0.10285003945980176,0.14840064775660367,-0.03129828859489958
MH_01_easy,635,1403636739573555584,1403636740573555584,0.18307774159079518,0.10383207364374236,0.14813040200867522,-0.028173461796071497
MH_01_easy,636,1403636739823555584,1403636740823555584,0.18707926918530607,0.11431478298371367,0.1461068986648012,-0.02415693508804806
MH_01_easy,637,1403636740073555584,1403636741073555584,0.19188708217433673,0.13360276864382836,0.137298504680761,-0.01095778848634077
MH_01_easy,638,1403636740323555584,1403636741323555584,0.20290616307190884,0.148495556505166,0.13732134049710698,-0.016212037344600583
MH_01_easy,639,1403636740573555584,1403636741573555584,0.20398402131993246,0.1516690897609454,0.13352097643425476,-0.027894748914090023
MH_01_easy,640,1403636740823555584,1403636741823555584,0.20535030875634316,0.1574515035893711,0.12710230807091039,-0.03496822281470867
MH_01_easy,641,1403636741073555584,1403636742073555584,0.20250472023735291,0.15898797903848916,0.12105783564014416,-0.03280220525802109
MH_01_easy,642,1403636741323555584,1403636742323555584,0.19867202556254088,0.14926434425395207,0.12656715591972523,-0.03422695309186241
MH_01_easy,643,1403636741573555584,1403636742573555584,0.19068475135442065,0.13877539748228784,0.12220174981624177,-0.046570331699257825
MH_01_easy,644,1403636741823555584,1403636742823555584,0.18994886284480372,0.13688921939419352,0.11783672349723551,-0.058791314878291964
MH_01_easy,645,1403636742073555584,1403636743073555584,0.19222548630458547,0.12546203897256625,0.12396503568863904,-0.07643679930893948
MH_01_easy,646,1403636742323555584,1403636743323555584,0.18505119393774624,0.11779355350729759,0.12671964000576486,-0.0656563474975432
MH_01_easy,647,1403636742573555584,1403636743573555584,0.18520659631694514,0.12395554190166713,0.12890875044615968,-0.04815642230878081
MH_01_easy,648,1403636742823555584,1403636743823555584,0.1809932267043774,0.13693290296924943,0.11751790187382971,-0.014052435249778228
MH_01_easy,649,1403636743073555584,1403636744073555584,0.17617761982303448,0.1389740704813729,0.10776669616875623,-0.010540429650591099
MH_01_easy,650,1403636743323555584,1403636744323555584,0.16978163727827972,0.12715050658836535,0.10963462257201373,-0.025274543808098793
MH_01_easy,651,1403636743573555584,1403636744573555584,0.17429227453322865,0.1279807892883449,0.11096584321881697,-0.041052358931437105
MH_01_easy,652,1403636743823555584,1403636744823555584,0.18474025850827247,0.13110209364660275,0.12412683076742481,-0.039162916628052935
MH_01_easy,653,1403636744073555584,1403636745073555584,0.18883007023566628,0.14565496947906098,0.11429926325308992,-0.037109348027974276
MH_01_easy,654,1403636744323555584,1403636745323555584,0.1898903704549014,0.15396095785210484,0.10838395005799839,-0.024643368653400444
MH_01_easy,655,1403636744573555584,1403636745573555584,0.18992127529587635,0.1597449996490372,0.09804922277835937,-0.030626390739047382
MH_01_easy,656,1403636744823555584,1403636745823555584,0.1948319120925494,0.16439611215107153,0.0944240367230349,-0.044916517765496655
MH_01_easy,657,1403636745073555584,1403636746073555584,0.2040103639994012,0.16824444970635888,0.09845254846044904,-0.06017582125584653
MH_01_easy,658,1403636745323555584,1403636746323555584,0.20504440151002964,0.17527661960652097,0.09634890594946999,-0.045146445400024326
MH_01_easy,659,1403636745573555584,1403636746573555584,0.18898132680834706,0.15995561968878924,0.09705166801408294,-0.02662921981401123
MH_01_easy,660,1403636745823555584,1403636746823555584,0.1838365526305887,0.15597210423329244,0.09562492627413932,-0.018012613891481566
MH_01_easy,661,1403636746073555584,1403636747073555584,0.18445669555141475,0.1502725833414127,0.10481932112134928,-0.021338536718925827
MH_01_easy,662,1403636746323555584,1403636747323555584,0.1960539956852087,0.15143381925850097,0.12236541296615178,-0.0230580423831388
MH_01_easy,663,1403636746573555584,1403636747573555584,0.20079365853496217,0.13373106074028396,0.14955723783937347,-0.008168801074242449
MH_01_easy,664,1403636746823555584,1403636747823555584,0.20080510046303948,0.12123131461619874,0.15928723258121447,0.015913336074428464
MH_01_easy,665,1403636747073555584,1403636748073555584,0.18348532042662463,0.11908543860417442,0.13804460393661588,0.020717346560198635
MH_01_easy,666,1403636747323555584,1403636748323555584,0.17417346851369372,0.12843031140655992,0.1172614364869593,0.00958163655747346
MH_01_easy,667,1403636747573555584,1403636748573555584,0.17054336724610822,0.13646493602620247,0.10226918778117366,-0.0018370023365380517
MH_01_easy,668,1403636747823555584,1403636748823555584,0.17338472146789466,0.14039861784796281,0.09962002764998923,-0.020647998350844743
MH_01_easy,669,1403636748073555584,1403636749073555584,0.18332167690761442,0.1530493261408079,0.09569250514371408,-0.03202632435020658
MH_01_easy,670,1403636748323555584,1403636749323555584,0.1757170487553927,0.150339896817286,0.08391132080935249,-0.03511818458153537
MH_01_easy,671,1403636748573555584,1403636749573555584,0.18716242447467707,0.1631821669405018,0.08237411384364357,-0.040197747403503126
MH_01_easy,672,1403636748823555584,1403636749823555584,0.1885677183684233,0.1645475673966117,0.08207538732438469,-0.04177934023034319
MH_01_easy,673,1403636749073555584,1403636750073555584,0.18509159396734648,0.1633599515280686,0.0792276854556131,-0.03599164141111877
MH_01_easy,674,1403636749323555584,1403636750323555584,0.176588579761985,0.15254466626662122,0.08048900376193258,-0.037883658341977766
MH_01_easy,675,1403636749573555584,1403636750573555584,0.17965786505615977,0.14870128753427103,0.09770133880992216,-0.02488622022196546
MH_01_easy,676,1403636749823555584,1403636750823555584,0.1939450524637299,0.14817806923400312,0.12467688716368297,-0.01065912662539445
MH_01_easy,677,1403636750073555584,1403636751073555584,0.19835097023166576,0.14328821478254472,0.13705208426449778,0.005321756761774085
MH_01_easy,678,1403636750323555584,1403636751323555584,0.19234426881787978,0.13769448637575143,0.13427482779688704,0.0026108981058495656
MH_01_easy,679,1403636750573555584,1403636751573555584,0.186616213522638,0.15028051683896848,0.1095439328733685,-0.015540404717196477
MH_01_easy,680,1403636750823555584,1403636751823555584,0.1783863837253673,0.1512535403051154,0.09267902667779504,-0.018832590311462116
MH_01_easy,681,1403636751073555584,1403636752073555584,0.17357078505843213,0.1477374911762439,0.08673293000596471,-0.027889961981511002
MH_01_easy,682,1403636751323555584,1403636752323555584,0.17067915469329561,0.1422109542919996,0.09223416200039392,-0.020006940952125185
MH_01_easy,683,1403636751573555584,1403636752573555584,0.17240512254971588,0.14402216273627477,0.09266990238847495,-0.019835123227725515
MH_01_easy,684,1403636751823555584,1403636752823555584,0.1719164359060789,0.13766768683789898,0.10050098611830949,-0.02241474346492689
MH_01_easy,685,1403636752073555584,1403636753073555584,0.1679638168495883,0.12717557686526648,0.1050087678723004,-0.03180212397954052
MH_01_easy,686,1403636752323555584,1403636753323555584,0.17565081720675144,0.1194420010924202,0.12082604196376545,-0.04458571008527612
MH_01_easy,687,1403636752573555584,1403636753573555584,0.17989242898691246,0.1051433565862454,0.1393280802909147,-0.04351834802744026
MH_01_easy,688,1403636752823555584,1403636753823555584,0.18423872304716007,0.09278145903902013,0.15703513050026796,-0.025989915686715714
MH_01_easy,689,1403636753073555584,1403636754073555584,0.18094231454106488,0.07986264792756081,0.1607859218547023,-0.022582426592589355
MH_01_easy,690,1403636753323555584,1403636754323555584,0.18392768989173383,0.07358142049055694,0.1676785523062927,-0.017293720362244636
MH_01_easy,691,1403636753573555584,1403636754573555584,0.18656894787120873,0.06637984882944492,0.1727797736521295,-0.023427287420201726
MH_01_easy,692,1403636753823555584,1403636754823555584,0.1911223044525984,0.04730648442893015,0.18219811446584977,-0.03307081606698281
MH_01_easy,693,1403636754073555584,1403636755073555584,0.1934919468727168,0.043824303818777555,0.18270801086890076,-0.04622063028262802
MH_01_easy,694,1403636754323555584,1403636755323555584,0.18869657847122936,0.04705360583958562,0.17740081381648865,-0.04383272934109028
MH_01_easy,695,1403636754573555584,1403636755573555584,0.18679554699908008,0.050432543845377875,0.17539414137877896,-0.039824993031643774
MH_01_easy,696,1403636754823555584,1403636755823555584,0.1878328190563845,0.04553073472943758,0.17616279259658252,-0.046634650360429575
MH_01_easy,697,1403636755073555584,1403636756073555584,0.18388563154906623,0.03277358134810804,0.1759371181809719,-0.04226048156366191
MH_01_easy,698,1403636755323555584,1403636756323555584,0.18677477250398317,0.006769232792447788,0.18359826682537667,-0.03362543010928054
MH_01_easy,699,1403636755573555584,1403636756573555584,0.18486634364047594,0.003156124796855231,0.18366291358639814,-0.020821576794769037
MH_01_easy,700,1403636755823555584,1403636756823555584,0.1813987525624491,-0.0031185436192036065,0.17961687518847086,-0.025170623044275975
MH_01_easy,701,1403636756073555584,1403636757073555584,0.17793193496618961,0.0049100758897244745,0.1751743051686737,-0.0308160257697494
MH_01_easy,702,1403636756323555584,1403636757323555584,0.18645903698647925,0.033272075126071776,0.17639869072756015,-0.05043256289673237
MH_01_easy,703,1403636756573555584,1403636757573555584,0.18659349110764856,0.042404441573303586,0.17675376395000453,-0.04215567800548914
MH_01_easy,704,1403636756823555584,1403636757823555584,0.18179486039165316,0.04228550062591818,0.17463435573100983,-0.027643254150899965
MH_01_easy,705,1403636757073555584,1403636758073555584,0.17807697332615174,0.029690491086841853,0.175515034609249,-0.00493515897811303
MH_01_easy,706,1403636757323555584,1403636758323555584,0.1730685518427491,0.013705759136161788,0.17241319342843187,0.006210196072427676
MH_01_easy,707,1403636757573555584,1403636758573555584,0.16437105011468112,-0.004593696989458884,0.1642695864924586,-0.0034990023390548686
MH_01_easy,708,1403636757823555584,1403636758823555584,0.16594862303079122,0.0016833952083192827,0.16483191872131742,-0.01914550174420271
MH_01_easy,709,1403636758073555584,1403636759073555584,0.17932329362141908,0.015810486270139812,0.17498995126738182,-0.0358523236983983
MH_01_easy,710,1403636758323555584,1403636759323555584,0.18018189941736493,0.01074112867972321,0.176921105116707,-0.0323893130000954
MH_01_easy,711,1403636758573555584,1403636759573555584,0.18990061511172462,-0.00038318754921196074,0.18462799208762903,-0.04443648641380071
MH_01_easy,712,1403636758823555584,1403636759823555584,0.1894440363306765,0.01815265494027596,0.18338531356328813,-0.04392437579718622
MH_01_easy,713,1403636759073555584,1403636760073555584,0.1914590457623807,0.011554354882093776,0.18728510608051674,-0.03804408137818038
MH_01_easy,714,1403636759323555584,1403636760323555584,0.18663629538170892,0.007287173739088715,0.1827791253619624,-0.03703775350397043
MH_01_easy,715,1403636759573555584,1403636760573555584,0.1728674704530268,0.0054148528082578196,0.16948380334132862,-0.03360181713614374
MH_01_easy,716,1403636759823555584,1403636760823555584,0.16944837827004072,0.012946345892665079,0.16622129796334462,-0.03025929823633211
MH_01_easy,717,1403636760073555584,1403636761073555584,0.16782565358432594,0.01027441076669433,0.16681050198122582,-0.01530172909101668
MH_01_easy,718,1403636760323555584,1403636761323555584,0.16407508304603544,0.0197118162564367,0.1627494328342023,-0.006685752656311883
MH_01_easy,719,1403636760573555584,1403636761573555584,0.1625958417341358,0.017444258141542157,0.1615534783891246,-0.005794758622931218
MH_01_easy,720,1403636760823555584,1403636761823555584,0.16583020164105183,0.024771285907887908,0.1638294749807363,-0.006778074823863056
MH_01_easy,721,1403636761073555584,1403636762073555584,0.1712267948861367,0.019253795113620242,0.1691513623192109,-0.018322753238989353
MH_01_easy,722,1403636761323555584,1403636762323555584,0.17419731521331822,0.01906087939743273,0.17086931795864735,-0.028018987927320715
MH_01_easy,723,1403636761573555584,1403636762573555584,0.17429383377405927,0.010557834150290546,0.17290758491140257,-0.01923121706550246
