seq_id,window_seconds,n_windows,mean_err_mag_m,mean_err_mag_m_bc
MH_01_easy,0.25,80,0.00618476880436509,0.0023136004014582185
MH_01_easy,0.5,80,0.030613434935508416,0.004573167778031835
MH_01_easy,1.0,80,0.18472954039309325,0.020916516512776595
MH_01_easy,1.5,80,0.5490648175297281,0.03792432296305345
MH_01_easy,2.0,80,1.214876605399988,0.06614159907829337
MH_02_easy,0.25,80,0.006549335058405147,0.00203900258382906
MH_02_easy,0.5,80,0.03142688804348945,0.004955242206489339
MH_02_easy,1.0,80,0.18335401502362753,0.0167954886262858
MH_02_easy,1.5,80,0.5404449198115218,0.03273574262974824
MH_02_easy,2.0,74,1.1997942368409291,0.05310555155354246
MH_03_medium,0.25,80,0.005910864669405212,0.001873891909518878
MH_03_medium,0.5,80,0.031699348852477285,0.008233646314549087
MH_03_medium,1.0,80,0.181013751019886,0.030571237047757705
MH_03_medium,1.5,80,0.5387212663674761,0.05729239503852891
MH_03_medium,2.0,65,1.180977154142455,0.0796686963306762
